fecha,rubro,especie,variedad,procedencia,envase,kg_bulto,calidad,tamano,grado,bulto_max,bulto_moda,bulto_min,kilo_max,kilo_moda,kilo_min
2026-09-01,frutas,ANANA,PIÑA,BRASIL,CA,18,EL,010/012,,36000,35000,33000,2000,1944.44,1833.33
2026-09-01,frutas,ANANA,PIÑA,ECUADOR,CA,22,EL,012/014,,44000,42000,40000,2000,1909.09,1818.18
2026-09-01,frutas,ANANA,Prom.Esp.,,,0,,,,0,38500,0,0,1926.77,0
2026-09-01,frutas,ARANDANO,,E. RIOS,CA,1.5,EL,GRANEL,,28000,26000,25000,18666.7,17333.3,16666.7
2026-09-01,frutas,ARANDANO,,TUCUMAN,CA,1.5,EL,GRANEL,,30000,29000,27000,20000,19333.3,18000
2026-09-01,frutas,ARANDANO,Prom.Esp.,,,0,,,,0,27500,0,0,18333.3,0
2026-09-01,frutas,BANANA,CAVENDISH,BOLIVIA,CA,18,EL,MEDIANO,,38000,35000,33000,2111.11,1944.44,1833.33
2026-09-01,frutas,BANANA,CAVENDISH,ECUADOR,CA,20,EL,GRANDE,,50000,47000,46000,2500,2350,2300
2026-09-01,frutas,BANANA,CAVENDISH,ECUADOR,CA,20,EL,MEDIANO,,44000,43000,42000,2200,2150,2100
2026-09-01,frutas,BANANA,NANIKA,BRASIL,PE,20,EL,MEDIANO,,32000,31000,30000,1600,1550,1500
2026-09-01,frutas,BANANA,NANIKA,PARAGUAY,PE,22,EL,MEDIANO,,25000,24000,23000,1136.36,1090.91,1045.45
2026-09-01,frutas,BANANA,NANIKA,SALTA,PE,22,CL,MEDIANO,,22000,21000,20000,1000,954.55,909.09
2026-09-01,frutas,BANANA,Prom.Esp.,,,0,,,,0,33500,0,0,1673.32,0
2026-09-01,frutas,CIRUELA,FORTUNE,ESPAÑA,CA,9,EL,GRANEL,,56000,54000,52000,6222.22,6000,5777.78
2026-09-01,frutas,CIRUELA,SUNGOLD,ESPAÑA,CA,9,EL,GRANDE,,58000,57000,55000,6444.44,6333.33,6111.11
2026-09-01,frutas,CIRUELA,Prom.Esp.,,,0,,,,0,55500,0,0,6166.67,0
2026-09-01,frutas,COCO,,BRASIL,BO,10,EL,MEDIANO,,25000,24000,22000,2500,2400,2200
2026-09-01,frutas,COCO,Prom.Esp.,,,0,,,,0,24000,0,0,2400,0
2026-09-01,frutas,FRUTILLA,,BS. AS.,BA,5,EL,MEDIANO,,30000,28000,25000,6000,5600,5000
2026-09-01,frutas,FRUTILLA,,CTES.,BA,2,EL,GRANEL,,18000,16000,15000,9000,8000,7500
2026-09-01,frutas,FRUTILLA,,SANTA FE,CA,2,EL,GRANEL,,16000,15000,14000,8000,7500,7000
2026-09-01,frutas,FRUTILLA,,SANTA FE,CA,5,EL,GRANDE,,32000,30000,27000,6400,6000,5400
2026-09-01,frutas,FRUTILLA,,TUCUMAN,CA,2,EL,GRANEL,,20000,18000,15000,10000,9000,7500
2026-09-01,frutas,FRUTILLA,,TUCUMAN,CA,5,EL,GRANEL,,34000,32000,30000,6800,6400,6000
2026-09-01,frutas,FRUTILLA,Prom.Esp.,,,0,,,,0,23167,0,0,7083.33,0
2026-09-01,frutas,KIWI,,BS. AS.,CA,10,EL,CHICO,,22000,21000,20000,2200,2100,2000
2026-09-01,frutas,KIWI,,BS. AS.,CA,10,EL,GRANDE,,48000,46000,42000,4800,4600,4200
2026-09-01,frutas,KIWI,,BS. AS.,CA,10,EL,MEDIANO,,42000,40000,36000,4200,4000,3600
2026-09-01,frutas,KIWI,,CHILE,CA,10,EL,MEDIANO,,48000,46000,45000,4800,4600,4500
2026-09-01,frutas,KIWI,Prom.Esp.,,,0,,,,0,38250,0,0,3825,0
2026-09-01,frutas,KUMQUAT,,E. RIOS,BO,1,EL,GRANEL,,3000,2700,2500,3000,2700,2500
2026-09-01,frutas,KUMQUAT,Prom.Esp.,,,0,,,,0,2700,0,0,2700,0
2026-09-01,frutas,LIMA,,E. RIOS,PE,17,EL,GRANEL,,22000,21000,20000,1294.12,1235.29,1176.47
2026-09-01,frutas,LIMA,TAHITI,BRASIL,BA,10,EL,MEDIANO,,28000,27000,25000,2800,2700,2500
2026-09-01,frutas,LIMA,Prom.Esp.,,,0,,,,0,24000,0,0,1967.65,0
2026-09-01,frutas,LIMON,EUREKA,CTES.,TO,18,EL,125/138,,15000,13000,12000,833.33,722.22,666.67
2026-09-01,frutas,LIMON,EUREKA,JUJUY,CA,17,EL,090/120,,15000,13000,11000,882.35,764.71,647.06
2026-09-01,frutas,LIMON,EUREKA,SALTA,CA,17,EL,090/120,,14000,13000,12000,823.53,764.71,705.88
2026-09-01,frutas,LIMON,EUREKA,TUCUMAN,BO,14,CL,GRANEL,,10000,8000,7000,714.29,571.43,500
2026-09-01,frutas,LIMON,EUREKA,TUCUMAN,CA,18,EL,090/100,,13000,12000,11000,722.22,666.67,611.11
2026-09-01,frutas,LIMON,EUREKA,TUCUMAN,CA,18,EL,125/138,,12000,11000,10000,666.67,611.11,555.56
2026-09-01,frutas,LIMON,GENOVA,E. RIOS,PE,18,EL,100/140,,12000,10000,9000,666.67,555.56,500
2026-09-01,frutas,LIMON,Prom.Esp.,,,0,,,,0,11429,0,0,665.2,0
2026-09-01,frutas,MANDARINA,ELLENDALE,CTES.,CA,18,EL,MEDIANO,,11000,10000,9000,611.11,555.56,500
2026-09-01,frutas,MANDARINA,ELLENDALE,E. RIOS,PE,18,EL,GRANDE,,15000,14000,12000,833.33,777.78,666.67
2026-09-01,frutas,MANDARINA,ELLENDALE,E. RIOS,PE,18,EL,MEDIANO,,12000,11000,10000,666.67,611.11,555.56
2026-09-01,frutas,MANDARINA,ENCORE,E. RIOS,JA,18,EL,MEDIANO,,13000,11000,10000,722.22,611.11,555.56
2026-09-01,frutas,MANDARINA,ENCORE,E. RIOS,TO,18,EL,GRANDE,,17000,16000,14000,944.44,888.89,777.78
2026-09-01,frutas,MANDARINA,MALVASIO,E. RIOS,PE,18,EL,MEDIANO,,13000,12000,11000,722.22,666.67,611.11
2026-09-01,frutas,MANDARINA,MURCOT,E. RIOS,PE,18,EL,GRANDE,,16000,15000,14000,888.89,833.33,777.78
2026-09-01,frutas,MANDARINA,MURCOT,E. RIOS,PE,18,EL,MEDIANO,,13000,12000,11000,722.22,666.67,611.11
2026-09-01,frutas,MANDARINA,NOVA,CTES.,PE,18,EL,MEDIANO,,9000,8000,7000,500,444.44,388.89
2026-09-01,frutas,MANDARINA,NOVA,E. RIOS,PE,18,EL,MEDIANO,,10000,9000,8000,555.56,500,444.44
2026-09-01,frutas,MANDARINA,Prom.Esp.,,,0,,,,0,11800,0,0,655.56,0
2026-09-01,frutas,MANGO,,BRASIL,CA,4,EL,MEDIANO,,15000,14000,12000,3750,3500,3000
2026-09-01,frutas,MANGO,,BRASIL,CA,18,EL,GRANDE,,40000,38000,36000,2222.22,2111.11,2000
2026-09-01,frutas,MANGO,Prom.Esp.,,,0,,,,0,26000,0,0,2805.56,0
2026-09-01,frutas,MANZANA,CRIPPS PIN,R. NEGRO,CA,18,EL,100/125,,40000,37000,35000,2222.22,2055.56,1944.44
2026-09-01,frutas,MANZANA,CRIPPS PIN,R. NEGRO,CA,18,EL,125/138,,35000,34000,32000,1944.44,1888.89,1777.78
2026-09-01,frutas,MANZANA,GRANNY SMI,CHILE,CA,18,EL,070/080,,68000,64000,62000,3777.78,3555.56,3444.44
2026-09-01,frutas,MANZANA,GRANNY SMI,R. NEGRO,CA,10,EL,036/044,,34000,32000,30000,3400,3200,3000
2026-09-01,frutas,MANZANA,GRANNY SMI,R. NEGRO,CA,18,EL,080/100,,55000,53000,50000,3055.56,2944.44,2777.78
2026-09-01,frutas,MANZANA,GRANNY SMI,R. NEGRO,CA,18,EL,090/110,,43000,42000,40000,2388.89,2333.33,2222.22
2026-09-01,frutas,MANZANA,GRANNY SMI,R. NEGRO,CA,18,EL,110/130,,40000,38000,36000,2222.22,2111.11,2000
2026-09-01,frutas,MANZANA,GRANNY SMI,R. NEGRO,JA,18,CL,088/113,,33000,32000,30000,1833.33,1777.78,1666.67
2026-09-01,frutas,MANZANA,GRANNY SMI,R. NEGRO,JA,18,CL,125/138,,31000,29000,28000,1722.22,1611.11,1555.56
2026-09-01,frutas,MANZANA,GRANNY SMI,R. NEGRO,JA,18,EL,100/125,,38000,36000,35000,2111.11,2000,1944.44
2026-09-01,frutas,MANZANA,RED DELICI,CHILE,CA,18,EL,080/100,,70000,66000,64000,3888.89,3666.67,3555.56
2026-09-01,frutas,MANZANA,RED DELICI,R. NEGRO,CA,10,EL,044/056,,33000,32000,30000,3300,3200,3000
2026-09-01,frutas,MANZANA,RED DELICI,R. NEGRO,CA,18,CL,080/100,,31000,29000,26000,1722.22,1611.11,1444.44
2026-09-01,frutas,MANZANA,RED DELICI,R. NEGRO,CA,18,CL,113/125,,35000,34000,32000,1944.44,1888.89,1777.78
2026-09-01,frutas,MANZANA,RED DELICI,R. NEGRO,CA,18,EL,080/100,,40000,38000,35000,2222.22,2111.11,1944.44
2026-09-01,frutas,MANZANA,RED DELICI,R. NEGRO,CA,18,EL,088/113,,54000,50000,45000,3000,2777.78,2500
2026-09-01,frutas,MANZANA,RED DELICI,R. NEGRO,CA,18,EL,113/125,,44000,40000,38000,2444.44,2222.22,2111.11
2026-09-01,frutas,MANZANA,RED DELICI,R. NEGRO,CA,18,EL,125/138,,40000,38000,35000,2222.22,2111.11,1944.44
2026-09-01,frutas,MANZANA,RED DELICI,R. NEGRO,CA,18,SP,088/113,,60000,56000,52000,3333.33,3111.11,2888.89
2026-09-01,frutas,MANZANA,RED DELICI,R. NEGRO,JA,18,CL,072/080,,32000,30000,28000,1777.78,1666.67,1555.56
2026-09-01,frutas,MANZANA,RED DELICI,R. NEGRO,JA,18,CL,100/125,,30000,28000,26000,1666.67,1555.56,1444.44
2026-09-01,frutas,MANZANA,RED DELICI,R. NEGRO,JA,18,EL,113/125,,35000,32000,30000,1944.44,1777.78,1666.67
2026-09-01,frutas,MANZANA,ROME BEAUT,R. NEGRO,CA,18,EL,072/080,,42000,40000,37000,2333.33,2222.22,2055.56
2026-09-01,frutas,MANZANA,Prom.Esp.,,,0,,,,0,39565,0,0,2321.74,0
2026-09-01,frutas,MELON,AMARILLO,BRASIL,CA,12,EL,MEDIANO,,36000,34000,32000,3000,2833.33,2666.67
2026-09-01,frutas,MELON,ORANGE,BRASIL,CA,10,EL,MEDIANO,,35000,34000,33000,3500,3400,3300
2026-09-01,frutas,MELON,Prom.Esp.,,,0,,,,0,34000,0,0,3116.67,0
2026-09-01,frutas,MEMBRILLO,,R. NEGRO,CA,10,EL,MEDIANO,,27000,25000,22000,2700,2500,2200
2026-09-01,frutas,MEMBRILLO,Prom.Esp.,,,0,,,,0,25000,0,0,2500,0
2026-09-01,frutas,NARANJA,NEW HALL,E. RIOS,PE,18,EL,090/110,,17000,16000,15000,944.44,888.89,833.33
2026-09-01,frutas,NARANJA,SALUSTIANA,CTES.,PE,18,EL,110/130,,11000,10000,9000,611.11,555.56,500
2026-09-01,frutas,NARANJA,SALUSTIANA,E. RIOS,PE,18,EL,090/110,,15000,13000,12000,833.33,722.22,666.67
2026-09-01,frutas,NARANJA,SALUSTIANA,E. RIOS,PE,18,EL,110/130,,12000,11000,10000,666.67,611.11,555.56
2026-09-01,frutas,NARANJA,SALUSTIANA,SALTA,PE,18,EL,110/130,,15000,13000,12000,833.33,722.22,666.67
2026-09-01,frutas,NARANJA,W.NAVEL,BS. AS.,JA,17,EL,050/065,,18000,17000,15000,1058.82,1000,882.35
2026-09-01,frutas,NARANJA,Prom.Esp.,,,0,,,,0,13333,0,0,750,0
2026-09-01,frutas,NUEZ,,MENDOZA,BO,5,EL,GRANEL,,40000,39000,37000,8000,7800,7400
2026-09-01,frutas,NUEZ,Prom.Esp.,,,0,,,,0,39000,0,0,7800,0
2026-09-01,frutas,PALTA,HASS,BRASIL,CA,11,EL,GRANDE,,60000,58000,55000,5454.55,5272.73,5000
2026-09-01,frutas,PALTA,HASS,BRASIL,CA,11,EL,MEDIANO,,50000,47000,45000,4545.45,4272.73,4090.91
2026-09-01,frutas,PALTA,HASS,CHILE,CA,10,EL,GRANDE,,90000,85000,82000,9000,8500,8200
2026-09-01,frutas,PALTA,HASS,CHILE,CA,11,EL,MEDIANO,,80000,78000,75000,7272.73,7090.91,6818.18
2026-09-01,frutas,PALTA,HASS,CTES.,CA,10,EL,MEDIANO,,40000,38000,36000,4000,3800,3600
2026-09-01,frutas,PALTA,HASS,JUJUY,CA,10,EL,MEDIANO,,45000,42000,40000,4500,4200,4000
2026-09-01,frutas,PALTA,HASS,PERU,BA,11,EL,GRANDE,,58000,55000,50000,5272.73,5000,4545.45
2026-09-01,frutas,PALTA,HASS,PERU,BA,11,EL,MEDIANO,,48000,46000,45000,4363.64,4181.82,4090.91
2026-09-01,frutas,PALTA,HASS,TUCUMAN,BA,10,EL,MEDIANO,,44000,42000,40000,4400,4200,4000
2026-09-01,frutas,PALTA,TORRES,TUCUMAN,BA,10,EL,MEDIANO,,30000,29000,28000,3000,2900,2800
2026-09-01,frutas,PALTA,Prom.Esp.,,,0,,,,0,52000,0,0,4941.82,0
2026-09-01,frutas,PELON,,ESPAÑA,CA,4,EL,GRANDE,,30000,28000,27000,7500,7000,6750
2026-09-01,frutas,PELON,Prom.Esp.,,,0,,,,0,28000,0,0,7000,0
2026-09-01,frutas,PERA,ASIATICA,CHINA,CA,5,EL,GRANEL,,38000,36000,35000,7600,7200,7000
2026-09-01,frutas,PERA,ASIATICA,R. NEGRO,CA,10,EL,MEDIANO,,38000,36000,34000,3800,3600,3400
2026-09-01,frutas,PERA,BEUR.BOSC,R. NEGRO,JA,18,EL,090/100,,23000,21000,18000,1277.78,1166.67,1000
2026-09-01,frutas,PERA,PACKHAM'S,R. NEGRO,CA,10,EL,030/040,,24000,22000,20000,2400,2200,2000
2026-09-01,frutas,PERA,PACKHAM'S,R. NEGRO,CA,18,EL,070/090,,42000,38000,35000,2333.33,2111.11,1944.44
2026-09-01,frutas,PERA,PACKHAM'S,R. NEGRO,CA,18,EL,100/120,,35000,32000,28000,1944.44,1777.78,1555.56
2026-09-01,frutas,PERA,PACKHAM'S,R. NEGRO,JA,18,EL,080/120,,30000,28000,25000,1666.67,1555.56,1388.89
2026-09-01,frutas,PERA,PACKHAM'S,R. NEGRO,PE,18,CL,100/120,,24000,23000,22000,1333.33,1277.78,1222.22
2026-09-01,frutas,PERA,Prom.Esp.,,,0,,,,0,29500,0,0,2611.11,0
2026-09-01,frutas,PITAHAYA,,ECUADOR,CA,3,EL,GRANDE,,65000,60000,55000,21666.7,20000,18333.3
2026-09-01,frutas,PITAHAYA,Prom.Esp.,,,0,,,,0,60000,0,0,20000,0
2026-09-01,frutas,PLATANO,,ECUADOR,CA,22,EL,GRANDE,,72000,70000,65000,3272.73,3181.82,2954.55
2026-09-01,frutas,PLATANO,Prom.Esp.,,,0,,,,0,70000,0,0,3181.82,0
2026-09-01,frutas,POMELO,BLANCO,E. RIOS,CA,18,EL,050/070,,12000,10000,9000,666.67,555.56,500
2026-09-01,frutas,POMELO,STAR RUBY,E. RIOS,PE,18,EL,050/070,,15000,14000,12000,833.33,777.78,666.67
2026-09-01,frutas,POMELO,STAR RUBY,SALTA,PE,18,EL,070/090,,20000,18000,16000,1111.11,1000,888.89
2026-09-01,frutas,POMELO,Prom.Esp.,,,0,,,,0,14000,0,0,777.78,0
2026-09-01,frutas,SANDIA,,BRASIL,CA,16,EL,004/006,,32000,30000,28000,2000,1875,1750
2026-09-01,frutas,SANDIA,,BRASIL,GR,0,CL,GRANEL,,0,0,0,1600,1500,1400
2026-09-01,frutas,SANDIA,Prom.Esp.,,,0,,,,0,15000,0,0,1687.5,0
2026-09-01,frutas,UVA,ARRA 15,BRASIL,CA,8,EL,GRANEL,,65000,64000,62000,8125,8000,7750
2026-09-01,frutas,UVA,AUTUMN CRI,BRASIL,CA,8,EL,GRANDE,,52000,50000,46000,6500,6250,5750
2026-09-01,frutas,UVA,NUBIA,BRASIL,CA,8,EL,GRANEL,,50000,48000,47000,6250,6000,5875
2026-09-01,frutas,UVA,RED GLOBE,BRASIL,CA,8,EL,GRANDE,,64000,62000,60000,8000,7750,7500
2026-09-01,frutas,UVA,RED GLOBE,CHILE,CA,8,EL,GRANEL,,65000,63000,61000,8125,7875,7625
2026-09-01,frutas,UVA,SUGAR CRIP,BRASIL,CA,8,EL,GRANEL,,60000,59000,57000,7500,7375,7125
2026-09-01,frutas,UVA,Prom.Esp.,,,0,,,,0,57667,0,0,7208.33,0
2026-09-01,hortalizas,ACELGA,,BS. AS.,JA,10,1A,,INV,7000,6400,5000,700,640,500
2026-09-01,hortalizas,ACELGA,,BS. AS.,JA,10,1A,SIN TAM,,5000,4000,3800,500,400,380
2026-09-01,hortalizas,ACELGA,,BS. AS.,JA,10,2A,SIN TAM,,3600,3400,3300,360,340,330
2026-09-01,hortalizas,ACELGA,Prom.Esp.,,,0,,,,0,4600,0,0,460,0
2026-09-01,hortalizas,ACHICORIA,,BS. AS.,JA,10,1A,,,10000,9000,8000,1000,900,800
2026-09-01,hortalizas,ACHICORIA,Prom.Esp.,,,0,,,,0,9000,0,0,900,0
2026-09-01,hortalizas,ACUSAY,,BS. AS.,JA,10,1A,GRANDE,,10000,8500,8000,1000,850,800
2026-09-01,hortalizas,ACUSAY,,BS. AS.,JA,10,1A,MEDIANO,,8000,7500,7000,800,750,700
2026-09-01,hortalizas,ACUSAY,Prom.Esp.,,,0,,,,0,8000,0,0,800,0
2026-09-01,hortalizas,AJO,COLORADO,BRASIL,CA,10,1A,6,,59000,58000,57000,5900,5800,5700
2026-09-01,hortalizas,AJO,COLORADO,BRASIL,CA,10,1A,7,,70000,68000,67000,7000,6800,6700
2026-09-01,hortalizas,AJO,COLORADO,MENDOZA,CA,5,1A,6,,38000,36000,34000,7600,7200,6800
2026-09-01,hortalizas,AJO,COLORADO,MENDOZA,CA,5,1A,8,,50000,47000,45000,10000,9400,9000
2026-09-01,hortalizas,AJO,COLORADO,MENDOZA,RT,4,1A,4,,7000,5000,4000,1750,1250,1000
2026-09-01,hortalizas,AJO,COLORADO,MENDOZA,RT,5,1A,5,,11000,9000,8000,2200,1800,1600
2026-09-01,hortalizas,AJO,COLORADO,MENDOZA,RT,7,1A,7,,17000,15000,13000,2428.57,2142.86,1857.14
2026-09-01,hortalizas,AJO,COLORADO,MENDOZA,RT,8,1A,8,,26000,23000,20000,3250,2875,2500
2026-09-01,hortalizas,AJO,COLORADO,MENDOZA,RT,9,1A,9,,35000,32000,25000,3888.89,3555.56,2777.78
2026-09-01,hortalizas,AJO,COLORADO,MENDOZA,RT,10,1A,10,,57000,51000,50000,5700,5100,5000
2026-09-01,hortalizas,AJO,COLORADO,MENDOZA,RT,11,1A,11,,70000,62000,60000,6363.64,5636.36,5454.55
2026-09-01,hortalizas,AJO,COLORADO,MENDOZA,RT,12,1A,12,,80000,76000,75000,6666.67,6333.33,6250
2026-09-01,hortalizas,AJO,MDO. CHINO,MENDOZA,CA,5,1A,10,,33000,29000,27000,6600,5800,5400
2026-09-01,hortalizas,AJO,MDO. CHINO,MENDOZA,CA,5,1A,12,,37000,34000,33000,7400,6800,6600
2026-09-01,hortalizas,AJO,MDO. CHINO,MENDOZA,CA,5,1A,7,,20000,18000,15000,4000,3600,3000
2026-09-01,hortalizas,AJO,Prom.Esp.,,,0,,,,0,37533,0,0,4939.54,0
2026-09-01,hortalizas,ALBAHACA,,BS. AS.,AT,0,1A,,INV,0,0,0,800,750,700
2026-09-01,hortalizas,ALBAHACA,,CTES.,AT,0,1A,,INV,0,0,0,750,700,650
2026-09-01,hortalizas,ALBAHACA,Prom.Esp.,,,0,,,,0,0,0,0,725,0
2026-09-01,hortalizas,ALCAUCIL,VIOLETA,BS. AS.,TO,6,1A,MEDIANO,,25000,23000,22000,4166.67,3833.33,3666.67
2026-09-01,hortalizas,ALCAUCIL,Ñ. FRANCES,BS. AS.,TO,6,1A,MEDIANO,,23000,21000,19000,3833.33,3500,3166.67
2026-09-01,hortalizas,ALCAUCIL,Prom.Esp.,,,0,,,,0,22000,0,0,3666.67,0
2026-09-01,hortalizas,APIO,,BS. AS.,TO,6,1A,MEDIANO,INV,8000,7500,6000,1333.33,1250,1000
2026-09-01,hortalizas,APIO,,BS. AS.,TO,8,1A,GRANDE,INV,10000,9000,8000,1250,1125,1000
2026-09-01,hortalizas,APIO,Prom.Esp.,,,0,,,,0,8250,0,0,1187.5,0
2026-09-01,hortalizas,ARVEJA,,JUJUY,BO,8,1A,MEDIANO,,17000,15000,14000,2125,1875,1750
2026-09-01,hortalizas,ARVEJA,Prom.Esp.,,,0,,,,0,15000,0,0,1875,0
2026-09-01,hortalizas,BATATA,ARAPEY,BRASIL,BO,20,1A,MEDIANO,,28000,27000,25000,1400,1350,1250
2026-09-01,hortalizas,BATATA,ARAPEY,CORDOBA,BO,13,1A,MEDIANO,,15000,13000,12000,1153.85,1000,923.08
2026-09-01,hortalizas,BATATA,BEAUREGARD,S. PEDRO,BO,11,1A,MEDIANO,,22000,21000,19000,2000,1909.09,1727.27
2026-09-01,hortalizas,BATATA,Prom.Esp.,,,0,,,,0,20333,0,0,1419.7,0
2026-09-01,hortalizas,BERENJENA,VTA.MED.LA,SALTA,PE,12,1A,MEDIANO,INV,18000,17000,15000,1500,1416.67,1250
2026-09-01,hortalizas,BERENJENA,VTA.MED.LA,SALTA,TO,12,1A,MEDIANO,,16000,14000,13000,1333.33,1166.67,1083.33
2026-09-01,hortalizas,BERENJENA,Prom.Esp.,,,0,,,,0,15500,0,0,1291.67,0
2026-09-01,hortalizas,BERRO,,BS. AS.,AT,1,1A,SIN TAM,,3000,2500,2000,3000,2500,2000
2026-09-01,hortalizas,BERRO,Prom.Esp.,,,0,,,,0,2500,0,0,2500,0
2026-09-01,hortalizas,BROCOLI,,BS. AS.,JA,8,1A,MEDIANO,,13000,12000,10000,1625,1500,1250
2026-09-01,hortalizas,BROCOLI,,BS. AS.,JA,8,1A,MEDIANO,INV,15000,13000,12000,1875,1625,1500
2026-09-01,hortalizas,BROCOLI,,MENDOZA,PE,8,,MEDIANO,,17000,15000,14000,2125,1875,1750
2026-09-01,hortalizas,BROCOLI,Prom.Esp.,,,0,,,,0,13333,0,0,1666.67,0
2026-09-01,hortalizas,BROTE ALFA,,BS. AS.,BO,1,1A,MEDIANO,,11000,9000,8000,11000,9000,8000
2026-09-01,hortalizas,BROTE ALFA,Prom.Esp.,,,0,,,,0,9000,0,0,9000,0
2026-09-01,hortalizas,BROTE SOJA,,BS. AS.,BO,1,1A,,,8000,7000,6000,8000,7000,6000
2026-09-01,hortalizas,BROTE SOJA,Prom.Esp.,,,0,,,,0,7000,0,0,7000,0
2026-09-01,hortalizas,CARDO,,BS. AS.,AT,4,1A,MEDIANO,,7000,6500,6000,1750,1625,1500
2026-09-01,hortalizas,CARDO,Prom.Esp.,,,0,,,,0,6500,0,0,1625,0
2026-09-01,hortalizas,CEB.VERDEO,COLORADA,BS. AS.,AT,1,1A,MEDIANO,,2500,2100,1800,2500,2100,1800
2026-09-01,hortalizas,CEB.VERDEO,COLORADA,BS. AS.,JA,10,1A,MEDIANO,,23000,20000,18000,2300,2000,1800
2026-09-01,hortalizas,CEB.VERDEO,Prom.Esp.,,,0,,,,0,11050,0,0,2050,0
2026-09-01,hortalizas,CEBOLLA,COLORADA,BRASIL,BO,20,1A,MEDIANO,,39000,38000,37000,1950,1900,1850
2026-09-01,hortalizas,CEBOLLA,COLORADA,S.BS.AS.,BO,20,1A,MEDIANO,,33000,28000,27000,1650,1400,1350
2026-09-01,hortalizas,CEBOLLA,COLORADA,S.BS.AS.,BO,20,2A,MEDIANO,,23000,21000,18000,1150,1050,900
2026-09-01,hortalizas,CEBOLLA,OPTIMA,BRASIL,BO,20,1A,MEDIANO,,29000,27000,26000,1450,1350,1300
2026-09-01,hortalizas,CEBOLLA,VALENCIANA,R. NEGRO,BO,20,1A,MEDIANO,,24000,22000,21000,1200,1100,1050
2026-09-01,hortalizas,CEBOLLA,VALENCIANA,S.BS.AS.,BO,20,1A,MEDIANO,,23000,21000,20000,1150,1050,1000
2026-09-01,hortalizas,CEBOLLA,VALENCIANA,S.BS.AS.,BO,20,2A,MEDIANO,,18000,16000,15000,900,800,750
2026-09-01,hortalizas,CEBOLLA,Prom.Esp.,,,0,,,,0,24714,0,0,1235.71,0
2026-09-01,hortalizas,CHAUCHA,ESMERALDA,CTES.,TO,10,1A,MEDIANO,INV,15000,12000,11000,1500,1200,1100
2026-09-01,hortalizas,CHAUCHA,ESMERALDA,SALTA,PE,10,1A,MEDIANO,INV,16000,14000,13000,1600,1400,1300
2026-09-01,hortalizas,CHAUCHA,ROLLIZA,SALTA,PE,12,1A,MEDIANO,INV,22000,18000,15000,1833.33,1500,1250
2026-09-01,hortalizas,CHAUCHA,ROLLIZA,SALTA,TO,12,1A,MEDIANO,,14000,12000,10000,1166.67,1000,833.33
2026-09-01,hortalizas,CHAUCHA,Prom.Esp.,,,0,,,,0,14000,0,0,1275,0
2026-09-01,hortalizas,CHOCLO,AMARILLO,SALTA,PE,15,1A,MEDIANO,PRE,48000,47000,46000,3200,3133.33,3066.67
2026-09-01,hortalizas,CHOCLO,AMARILLO,SALTA,PE,15,2A,MEDIANO,PRE,45000,41000,40000,3000,2733.33,2666.67
2026-09-01,hortalizas,CHOCLO,Prom.Esp.,,,0,,,,0,44000,0,0,2933.33,0
2026-09-01,hortalizas,CIBOULLE,,BS. AS.,AT,1,1A,MEDIANO,,11000,10000,9000,11000,10000,9000
2026-09-01,hortalizas,CIBOULLE,Prom.Esp.,,,0,,,,0,10000,0,0,10000,0
2026-09-01,hortalizas,CILANDRO,,BS. AS.,AT,1,1A,MEDIANO,,12000,11000,10000,12000,11000,10000
2026-09-01,hortalizas,CILANDRO,Prom.Esp.,,,0,,,,0,11000,0,0,11000,0
2026-09-01,hortalizas,COLIFLOR,,BS. AS.,JA,15,1A,MEDIANO,,17000,15000,14000,1133.33,1000,933.33
2026-09-01,hortalizas,COLIFLOR,,MENDOZA,PE,15,1A,MEDIANO,,18000,16000,15000,1200,1066.67,1000
2026-09-01,hortalizas,COLIFLOR,Prom.Esp.,,,0,,,,0,15500,0,0,1033.34,0
2026-09-01,hortalizas,CURCUMA,SIN VARIED,BRASIL,CA,1,1A,MEDIANO,,5000,4000,3000,5000,4000,3000
2026-09-01,hortalizas,CURCUMA,Prom.Esp.,,,0,,,,0,4000,0,0,4000,0
2026-09-01,hortalizas,ECHALOTE,,MENDOZA,CA,1,1A,,,11000,9800,9000,11000,9800,9000
2026-09-01,hortalizas,ECHALOTE,Prom.Esp.,,,0,,,,0,9800,0,0,9800,0
2026-09-01,hortalizas,ENDIBIA,,BS. AS.,BA,1,1A,MEDIANO,,22000,20000,19000,22000,20000,19000
2026-09-01,hortalizas,ENDIBIA,Prom.Esp.,,,0,,,,0,20000,0,0,20000,0
2026-09-01,hortalizas,ESCAROLA,HOJA ANCHA,BS. AS.,TT,5,1A,,,7000,6000,5000,1400,1200,1000
2026-09-01,hortalizas,ESCAROLA,HOJA FINA,BS. AS.,TT,5,1A,,,8000,7000,6000,1600,1400,1200
2026-09-01,hortalizas,ESCAROLA,Prom.Esp.,,,0,,,,0,6500,0,0,1300,0
2026-09-01,hortalizas,ESPARRAGO,VERDE,SAN JUAN,AT,0.5,1A,CHICO,,3000,2400,2000,6000,4800,4000
2026-09-01,hortalizas,ESPARRAGO,VERDE,SAN JUAN,AT,0.5,1A,MEDIANO,,4500,3700,3000,9000,7400,6000
2026-09-01,hortalizas,ESPARRAGO,Prom.Esp.,,,0,,,,0,3050,0,0,6100,0
2026-09-01,hortalizas,ESPINACA,,BS. AS.,JA,5,1A,,,4000,3500,3000,800,700,600
2026-09-01,hortalizas,ESPINACA,,BS. AS.,JA,5,1A,,INV,7000,5300,5000,1400,1060,1000
2026-09-01,hortalizas,ESPINACA,Prom.Esp.,,,0,,,,0,4400,0,0,880,0
2026-09-01,hortalizas,HABA,,JUJUY,BO,10,1A,MEDIANO,,21000,19000,18000,2100,1900,1800
2026-09-01,hortalizas,HABA,Prom.Esp.,,,0,,,,0,19000,0,0,1900,0
2026-09-01,hortalizas,HINOJO,,BS. AS.,JA,15,1A,MEDIANO,,18000,16000,15000,1200,1066.67,1000
2026-09-01,hortalizas,HINOJO,Prom.Esp.,,,0,,,,0,16000,0,0,1066.67,0
2026-09-01,hortalizas,HONGOS,AGARICUS,BS. AS.,BO,1,1A,,,20000,19500,19000,20000,19500,19000
2026-09-01,hortalizas,HONGOS,OYSTER,BS. AS.,BA,1,1A,,,22000,21000,19000,22000,21000,19000
2026-09-01,hortalizas,HONGOS,PORTOBELO,BS. AS.,BO,1,1A,,,23000,21000,19000,23000,21000,19000
2026-09-01,hortalizas,HONGOS,SHIITAKE,BS. AS.,BA,1,1A,,,24000,22000,21000,24000,22000,21000
2026-09-01,hortalizas,HONGOS,Prom.Esp.,,,0,,,,0,20875,0,0,20875,0
2026-09-01,hortalizas,JENGIBRE,,BRASIL,BO,1,1A,MEDIANO,,4000,3600,3000,4000,3600,3000
2026-09-01,hortalizas,JENGIBRE,,MISIONES,BO,1,1A,MEDIANO,,4000,3500,3000,4000,3500,3000
2026-09-01,hortalizas,JENGIBRE,Prom.Esp.,,,0,,,,0,3550,0,0,3550,0
2026-09-01,hortalizas,KALE,CRESPO,BS. AS.,AT,1,1A,SIN TAM,VER,1300,1100,1000,1300,1100,1000
2026-09-01,hortalizas,KALE,MORADO,BS. AS.,AT,1,1A,SIN TAM,,1400,1200,1100,1400,1200,1100
2026-09-01,hortalizas,KALE,Prom.Esp.,,,0,,,,0,1150,0,0,1150,0
2026-09-01,hortalizas,LECHUGA,CAPUCHINA,BS. AS.,JA,12,1A,MEDIANO,,11000,9500,8000,916.67,791.67,666.67
2026-09-01,hortalizas,LECHUGA,CAPUCHINA,MENDOZA,PE,15,1A,MEDIANO,,17000,15000,13000,1133.33,1000,866.67
2026-09-01,hortalizas,LECHUGA,CAPUCHINA,SANTA FE,JA,12,1A,MEDIANO,,11000,9500,9000,916.67,791.67,750
2026-09-01,hortalizas,LECHUGA,CAPUCHINA,SGO.EST.,PE,15,1A,MEDIANO,,13000,11000,10000,866.67,733.33,666.67
2026-09-01,hortalizas,LECHUGA,CRIOLLA,BS. AS.,JA,8,1A,GRANDE,INV,8000,6500,6000,1000,812.5,750
2026-09-01,hortalizas,LECHUGA,CRIOLLA,BS. AS.,JA,8,1A,MEDIANO,INV,6000,5000,4000,750,625,500
2026-09-01,hortalizas,LECHUGA,CRIOLLA,SANTA FE,JA,12,1A,MEDIANO,,10000,8500,8000,833.33,708.33,666.67
2026-09-01,hortalizas,LECHUGA,FRANCESA,BS. AS.,JA,8,1A,MEDIANO,,7000,6000,5000,875,750,625
2026-09-01,hortalizas,LECHUGA,MANTECOSA,BS. AS.,JA,5,1A,GRANDE,INV,9000,7400,7000,1800,1480,1400
2026-09-01,hortalizas,LECHUGA,MANTECOSA,BS. AS.,JA,5,1A,MEDIANO,INV,7000,6500,5000,1400,1300,1000
2026-09-01,hortalizas,LECHUGA,Prom.Esp.,,,0,,,,0,8490,0,0,899.25,0
2026-09-01,hortalizas,MANDIOCA,,MISIONES,BO,40,1A,GRANDE,,28000,26000,25000,700,650,625
2026-09-01,hortalizas,MANDIOCA,Prom.Esp.,,,0,,,,0,26000,0,0,650,0
2026-09-01,hortalizas,MENTA,,BS. AS.,AT,1,1A,MEDIANO,,10000,9500,8000,10000,9500,8000
2026-09-01,hortalizas,MENTA,Prom.Esp.,,,0,,,,0,9500,0,0,9500,0
2026-09-01,hortalizas,NABO,BLANCO,BS. AS.,AT,3,1A,MEDIANO,,5000,4000,3000,1666.67,1333.33,1000
2026-09-01,hortalizas,NABO,Prom.Esp.,,,0,,,,0,4000,0,0,1333.33,0
2026-09-01,hortalizas,OREGANO,,BS. AS.,BO,1,1A,,,10000,9500,9000,10000,9500,9000
2026-09-01,hortalizas,OREGANO,Prom.Esp.,,,0,,,,0,9500,0,0,9500,0
2026-09-01,hortalizas,PACK CHOY,,BS. AS.,BA,3,1A,,,9000,8000,7000,3000,2666.67,2333.33
2026-09-01,hortalizas,PACK CHOY,Prom.Esp.,,,0,,,,0,8000,0,0,2666.67,0
2026-09-01,hortalizas,PAPA,AGATA,BRASIL,BO,25,1A,MEDIANO,LAV,28000,27000,26000,1120,1080,1040
2026-09-01,hortalizas,PAPA,SPUNTA,CORDOBA,BO,18,2A,MEDIANO,,18000,17000,16000,1000,944.44,888.89
2026-09-01,hortalizas,PAPA,SPUNTA,SE BS.AS,BO,18,2A,MEDIANO,,15000,14000,13000,833.33,777.78,722.22
2026-09-01,hortalizas,PAPA,SPUNTA,SE BS.AS,BO,18,2A,MEDIANO,CEP,19000,18000,17000,1055.56,1000,944.44
2026-09-01,hortalizas,PAPA,SPUNTA,V.DOLOR.,BO,18,2A,MEDIANO,,18000,17000,16000,1000,944.44,888.89
2026-09-01,hortalizas,PAPA,Prom.Esp.,,,0,,,,0,18600,0,0,949.33,0
2026-09-01,hortalizas,PEPINO,,CTES.,TO,18,1A,MEDIANO,INV,20000,18000,15000,1111.11,1000,833.33
2026-09-01,hortalizas,PEPINO,,SALTA,TO,18,1A,MEDIANO,,18000,17000,15000,1000,944.44,833.33
2026-09-01,hortalizas,PEPINO,,SALTA,TO,18,1A,MEDIANO,INV,23000,22000,18000,1277.78,1222.22,1000
2026-09-01,hortalizas,PEPINO,Prom.Esp.,,,0,,,,0,19000,0,0,1055.55,0
2026-09-01,hortalizas,PEREJIL,,BS. AS.,JA,10,1A,GRANDE,,15000,11000,10000,1500,1100,1000
2026-09-01,hortalizas,PEREJIL,,BS. AS.,JA,10,1A,MEDIANO,,11000,9500,8000,1100,950,800
2026-09-01,hortalizas,PEREJIL,,SGO.EST.,PE,10,1A,MEDIANO,,11000,9000,8000,1100,900,800
2026-09-01,hortalizas,PEREJIL,Prom.Esp.,,,0,,,,0,9833.3,0,0,983.33,0
2026-09-01,hortalizas,PIMIENTO,JALAPEÑO,CTES.,PE,5,1A,MEDIANO,ROJ,19000,17000,16000,3800,3400,3200
2026-09-01,hortalizas,PIMIENTO,JALAPEÑO,SALTA,BA,4,1A,GRANDE,VER,14000,13000,11000,3500,3250,2750
2026-09-01,hortalizas,PIMIENTO,JALAPEÑO,SALTA,BA,4,1A,MEDIANO,ROJ,17000,16000,15000,4250,4000,3750
2026-09-01,hortalizas,PIMIENTO,MORRON,CTES.,TO,8,1A,GRANDE,R/I,17000,16000,15000,2125,2000,1875
2026-09-01,hortalizas,PIMIENTO,MORRON,CTES.,TO,8,1A,GRANDE,V/I,16000,14500,14000,2000,1812.5,1750
2026-09-01,hortalizas,PIMIENTO,MORRON,CTES.,TO,8,1A,MEDIANO,R/I,14000,13000,12000,1750,1625,1500
2026-09-01,hortalizas,PIMIENTO,MORRON,CTES.,TO,8,1A,MEDIANO,V/I,13000,11000,10000,1625,1375,1250
2026-09-01,hortalizas,PIMIENTO,MORRON,SALTA,PE,10,1A,GRANDE,R/I,28000,27000,25000,2800,2700,2500
2026-09-01,hortalizas,PIMIENTO,MORRON,SALTA,PE,10,1A,GRANDE,V/I,24000,23000,22000,2400,2300,2200
2026-09-01,hortalizas,PIMIENTO,MORRON,SALTA,PE,10,1A,MEDIANO,R/I,24000,22000,21000,2400,2200,2100
2026-09-01,hortalizas,PIMIENTO,MORRON,SALTA,PE,10,1A,MEDIANO,V/I,21000,19000,18000,2100,1900,1800
2026-09-01,hortalizas,PIMIENTO,VINAGRE,SALTA,PE,10,1A,MEDIANO,VER,18000,17000,15000,1800,1700,1500
2026-09-01,hortalizas,PIMIENTO,Prom.Esp.,,,0,,,,0,17375,0,0,2355.21,0
2026-09-01,hortalizas,PUERRO,,BS. AS.,AT,1,1A,MEDIANO,,3000,2400,2000,3000,2400,2000
2026-09-01,hortalizas,PUERRO,,BS. AS.,JA,10,1A,MEDIANO,,20000,17000,15000,2000,1700,1500
2026-09-01,hortalizas,PUERRO,Prom.Esp.,,,0,,,,0,9700,0,0,2050,0
2026-09-01,hortalizas,RABANITO,,BS. AS.,TT,5,1A,,,15000,13000,11000,3000,2600,2200
2026-09-01,hortalizas,RABANITO,Prom.Esp.,,,0,,,,0,13000,0,0,2600,0
2026-09-01,hortalizas,RADICCHIO,,MENDOZA,PE,5,1A,MEDIANO,,24000,22000,20000,4800,4400,4000
2026-09-01,hortalizas,RADICCHIO,Prom.Esp.,,,0,,,,0,22000,0,0,4400,0
2026-09-01,hortalizas,RADICHETA,1ER.CORTE,BS. AS.,BA,3,1A,,,7000,5400,5000,2333.33,1800,1666.67
2026-09-01,hortalizas,RADICHETA,2DO.CORTE,BS. AS.,BA,3,1A,,,5000,3500,3000,1666.67,1166.67,1000
2026-09-01,hortalizas,RADICHETA,Prom.Esp.,,,0,,,,0,4450,0,0,1483.34,0
2026-09-01,hortalizas,REMOLACHA,,BS. AS.,BO,10,1A,MEDIANO,,11000,10000,9000,1100,1000,900
2026-09-01,hortalizas,REMOLACHA,,BS. AS.,JA,15,1A,MEDIANO,,14000,12000,11000,933.33,800,733.33
2026-09-01,hortalizas,REMOLACHA,,SANTA FE,BO,10,1A,MEDIANO,,10000,9000,8000,1000,900,800
2026-09-01,hortalizas,REMOLACHA,,SGO.EST.,BO,10,1A,MEDIANO,,9000,8000,7000,900,800,700
2026-09-01,hortalizas,REMOLACHA,,SGO.EST.,PE,15,1A,MEDIANO,,15000,13000,12000,1000,866.67,800
2026-09-01,hortalizas,REMOLACHA,Prom.Esp.,,,0,,,,0,10400,0,0,873.33,0
2026-09-01,hortalizas,REP.BRUSEL,,M.D.PLAT,,1,1A,MEDIANO,,3500,2700,2500,3500,2700,2500
2026-09-01,hortalizas,REP.BRUSEL,Prom.Esp.,,,0,,,,0,2700,0,0,2700,0
2026-09-01,hortalizas,REPOLLO,BLANCO,BS. AS.,JA,15,1A,GRANDE,,10000,9500,8000,666.67,633.33,533.33
2026-09-01,hortalizas,REPOLLO,BLANCO,BS. AS.,JA,15,1A,MEDIANO,,8000,7500,7000,533.33,500,466.67
2026-09-01,hortalizas,REPOLLO,BLANCO,MENDOZA,BO,15,1A,MEDIANO,,11000,9500,9000,733.33,633.33,600
2026-09-01,hortalizas,REPOLLO,COLORADO,BS. AS.,JA,15,1A,GRANDE,,13000,11000,10000,866.67,733.33,666.67
2026-09-01,hortalizas,REPOLLO,COLORADO,BS. AS.,JA,15,1A,MEDIANO,,10000,9000,7000,666.67,600,466.67
2026-09-01,hortalizas,REPOLLO,COLORADO,MENDOZA,BO,15,1A,MEDIANO,,14000,12000,11000,933.33,800,733.33
2026-09-01,hortalizas,REPOLLO,Prom.Esp.,,,0,,,,0,9750,0,0,650,0
2026-09-01,hortalizas,ROMERO,,BS. AS.,AT,1,1A,MEDIANO,,10000,9500,8500,10000,9500,8500
2026-09-01,hortalizas,ROMERO,Prom.Esp.,,,0,,,,0,9500,0,0,9500,0
2026-09-01,hortalizas,RUCULA,,BS. AS.,BA,3,1A,SIN TAM,,9000,8000,7000,3000,2666.67,2333.33
2026-09-01,hortalizas,RUCULA,Prom.Esp.,,,0,,,,0,8000,0,0,2666.67,0
2026-09-01,hortalizas,SALVIA,,BS. AS.,BO,1,1A,,,10000,9000,8500,10000,9000,8500
2026-09-01,hortalizas,SALVIA,Prom.Esp.,,,0,,,,0,9000,0,0,9000,0
2026-09-01,hortalizas,TOMATE,CHERRY,CTES.,CA,5,1A,GRANDE,P/I,31000,29000,28000,6200,5800,5600
2026-09-01,hortalizas,TOMATE,CHERRY,CTES.,CA,5,1A,MEDIANO,P/I,27000,26000,23000,5400,5200,4600
2026-09-01,hortalizas,TOMATE,CHERRY,CTES.,CA,5,1A,MEDIANO,R/I,28000,27000,25000,5600,5400,5000
2026-09-01,hortalizas,TOMATE,CHERRY,SALTA,CA,5,1A,GRANDE,P/I,33000,31000,29000,6600,6200,5800
2026-09-01,hortalizas,TOMATE,CHERRY,SALTA,CA,5,1A,MEDIANO,P/I,29000,27000,26000,5800,5400,5200
2026-09-01,hortalizas,TOMATE,PERITA,SALTA,PE,18,1A,GRANDE,P/I,48000,46000,45000,2666.67,2555.56,2500
2026-09-01,hortalizas,TOMATE,PERITA,SALTA,PE,18,1A,MEDIANO,P/I,43000,42000,39000,2388.89,2333.33,2166.67
2026-09-01,hortalizas,TOMATE,PERITA,SALTA,PE,18,1A,MEDIANO,R/I,45000,43000,42000,2500,2388.89,2333.33
2026-09-01,hortalizas,TOMATE,PERITA,SALTA,TO,18,1A,GRANDE,PIN,36000,31000,30000,2000,1722.22,1666.67
2026-09-01,hortalizas,TOMATE,PERITA,SALTA,TO,18,1A,MEDIANO,PIN,28000,27000,25000,1555.56,1500,1388.89
2026-09-01,hortalizas,TOMATE,REDONDO,CTES.,TO,18,1A,CHICO,P/I,19000,18000,15000,1055.56,1000,833.33
2026-09-01,hortalizas,TOMATE,REDONDO,CTES.,TO,18,1A,GRANDE,P/I,45000,42000,39000,2500,2333.33,2166.67
2026-09-01,hortalizas,TOMATE,REDONDO,CTES.,TO,18,1A,MEDIANO,P/I,37000,36000,33000,2055.56,2000,1833.33
2026-09-01,hortalizas,TOMATE,REDONDO,CTES.,TO,18,1A,MEDIANO,R/I,38000,37000,34000,2111.11,2055.56,1888.89
2026-09-01,hortalizas,TOMATE,REDONDO,CTES.,TO,18,2A,MEDIANO,P/I,30000,28000,24000,1666.67,1555.56,1333.33
2026-09-01,hortalizas,TOMATE,REDONDO,SALTA,TO,18,1A,GRANDE,P/I,58000,56000,55000,3222.22,3111.11,3055.56
2026-09-01,hortalizas,TOMATE,REDONDO,SALTA,TO,18,1A,GRANDE,PIN,36000,34000,33000,2000,1888.89,1833.33
2026-09-01,hortalizas,TOMATE,REDONDO,SALTA,TO,18,1A,MEDIANO,P/I,53000,51000,48000,2944.44,2833.33,2666.67
2026-09-01,hortalizas,TOMATE,REDONDO,SALTA,TO,18,1A,MEDIANO,PIN,31000,30000,28000,1722.22,1666.67,1555.56
2026-09-01,hortalizas,TOMATE,REDONDO,SALTA,TO,18,2A,MEDIANO,PIN,27000,26000,22000,1500,1444.44,1222.22
2026-09-01,hortalizas,TOMATE,Prom.Esp.,,,0,,,,0,34350,0,0,2919.44,0
2026-09-01,hortalizas,TOMILLO,,BS. AS.,BO,1,1A,,,13000,12000,10000,13000,12000,10000
2026-09-01,hortalizas,TOMILLO,Prom.Esp.,,,0,,,,0,12000,0,0,12000,0
2026-09-01,hortalizas,ZANAHORIA,CHANTENAY,MENDOZA,BO,10,1A,MEDIANO,,7500,6800,6000,750,680,600
2026-09-01,hortalizas,ZANAHORIA,CHANTENAY,MENDOZA,BO,18,1A,MEDIANO,,13000,12000,11000,722.22,666.67,611.11
2026-09-01,hortalizas,ZANAHORIA,CHANTENAY,MENDOZA,CA,20,1A,MEDIANO,,20000,19000,18000,1000,950,900
2026-09-01,hortalizas,ZANAHORIA,CHANTENAY,SANTA FE,BO,10,1A,MEDIANO,,6500,5500,5000,650,550,500
2026-09-01,hortalizas,ZANAHORIA,CHANTENAY,SGO.EST.,BO,18,1A,MEDIANO,,13000,11000,10000,722.22,611.11,555.56
2026-09-01,hortalizas,ZANAHORIA,Prom.Esp.,,,0,,,,0,10860,0,0,691.56,0
2026-09-01,hortalizas,ZAPALLITO,LARGO,SALTA,TO,18,1A,MEDIANO,,28000,25000,24000,1555.56,1388.89,1333.33
2026-09-01,hortalizas,ZAPALLITO,LARGO,SALTA,TO,18,1A,MEDIANO,INV,35000,31000,30000,1944.44,1722.22,1666.67
2026-09-01,hortalizas,ZAPALLITO,REDONDO,CTES.,TO,18,1A,MEDIANO,INV,35000,32000,30000,1944.44,1777.78,1666.67
2026-09-01,hortalizas,ZAPALLITO,REDONDO,SALTA,PE,18,1A,MEDIANO,INV,40000,37000,35000,2222.22,2055.56,1944.44
2026-09-01,hortalizas,ZAPALLITO,REDONDO,SALTA,TO,18,1A,MEDIANO,,34000,31000,27000,1888.89,1722.22,1500
2026-09-01,hortalizas,ZAPALLITO,REDONDO,SALTA,TO,18,2A,MEDIANO,,25000,23000,20000,1388.89,1277.78,1111.11
2026-09-01,hortalizas,ZAPALLITO,Prom.Esp.,,,0,,,,0,29833,0,0,1657.41,0
2026-09-01,hortalizas,ZAPALLO,ANC.COKENA,MENDOZA,BO,15,1A,MEDIANO,,25000,23000,21000,1666.67,1533.33,1400
2026-09-01,hortalizas,ZAPALLO,ANC.COKENA,S.BS.AS.,BO,15,1A,MEDIANO,,23000,22000,20000,1533.33,1466.67,1333.33
2026-09-01,hortalizas,ZAPALLO,ANC.COKENA,SALTA,PE,17,1A,MEDIANO,,29000,28000,27000,1705.88,1647.06,1588.24
2026-09-01,hortalizas,ZAPALLO,ANGOLA,R. NEGRO,GR,0,1A,,,0,0,0,1000,900,850
2026-09-01,hortalizas,ZAPALLO,TETSUKAB.,MENDOZA,BO,18,1A,MEDIANO,,14000,13000,11000,777.78,722.22,611.11
2026-09-01,hortalizas,ZAPALLO,TETSUKAB.,R. NEGRO,BO,18,1A,MEDIANO,,16000,14000,12000,888.89,777.78,666.67
2026-09-01,hortalizas,ZAPALLO,TETSUKAB.,S.BS.AS.,BO,18,1A,MEDIANO,,15000,13000,11000,833.33,722.22,611.11
2026-09-01,hortalizas,ZAPALLO,TETSUKAB.,SALTA,BO,18,1A,MEDIANO,,18000,17000,15000,1000,944.44,833.33
2026-09-01,hortalizas,ZAPALLO,Prom.Esp.,,,0,,,,0,16250,0,0,1089.22,0
2026-09-02,frutas,ANANA,PIÑA,BRASIL,CA,18,EL,010/012,,36000,35000,33000,2000,1944.44,1833.33
2026-09-02,frutas,ANANA,PIÑA,ECUADOR,CA,22,EL,012/014,,42000,41000,40000,1909.09,1863.64,1818.18
2026-09-02,frutas,ANANA,Prom.Esp.,,,0,,,,0,38000,0,0,1904.04,0
2026-09-02,frutas,ARANDANO,,E. RIOS,CA,1.5,EL,GRANEL,,28000,26000,25000,18666.7,17333.3,16666.7
2026-09-02,frutas,ARANDANO,,TUCUMAN,CA,1.5,EL,GRANEL,,30000,29000,27000,20000,19333.3,18000
2026-09-02,frutas,ARANDANO,Prom.Esp.,,,0,,,,0,27500,0,0,18333.3,0
2026-09-02,frutas,BANANA,CAVENDISH,BOLIVIA,CA,18,EL,MEDIANO,,34000,32000,30000,1888.89,1777.78,1666.67
2026-09-02,frutas,BANANA,CAVENDISH,ECUADOR,CA,20,EL,GRANDE,,42000,41000,40000,2100,2050,2000
2026-09-02,frutas,BANANA,CAVENDISH,ECUADOR,CA,20,EL,MEDIANO,,38000,37000,36000,1900,1850,1800
2026-09-02,frutas,BANANA,NANIKA,BRASIL,PE,20,EL,MEDIANO,,28000,27000,25000,1400,1350,1250
2026-09-02,frutas,BANANA,NANIKA,PARAGUAY,PE,22,EL,MEDIANO,,22000,21000,19000,1000,954.55,863.64
2026-09-02,frutas,BANANA,NANIKA,SALTA,PE,22,CL,MEDIANO,,20000,19000,18000,909.09,863.64,818.18
2026-09-02,frutas,BANANA,Prom.Esp.,,,0,,,,0,29500,0,0,1474.33,0
2026-09-02,frutas,CIRUELA,FORTUNE,ESPAÑA,CA,9,EL,GRANEL,,56000,54000,52000,6222.22,6000,5777.78
2026-09-02,frutas,CIRUELA,SUNGOLD,ESPAÑA,CA,9,EL,GRANDE,,58000,57000,55000,6444.44,6333.33,6111.11
2026-09-02,frutas,CIRUELA,Prom.Esp.,,,0,,,,0,55500,0,0,6166.67,0
2026-09-02,frutas,COCO,,BRASIL,BO,10,EL,MEDIANO,,25000,24000,22000,2500,2400,2200
2026-09-02,frutas,COCO,Prom.Esp.,,,0,,,,0,24000,0,0,2400,0
2026-09-02,frutas,FRUTILLA,,BS. AS.,BA,5,EL,MEDIANO,,28000,26000,24000,5600,5200,4800
2026-09-02,frutas,FRUTILLA,,CTES.,BA,2,EL,GRANEL,,16000,15000,14000,8000,7500,7000
2026-09-02,frutas,FRUTILLA,,SANTA FE,CA,2,EL,GRANEL,,15000,14000,13000,7500,7000,6500
2026-09-02,frutas,FRUTILLA,,SANTA FE,CA,5,EL,GRANDE,,30000,27000,25000,6000,5400,5000
2026-09-02,frutas,FRUTILLA,,TUCUMAN,CA,2,EL,GRANEL,,18000,16000,15000,9000,8000,7500
2026-09-02,frutas,FRUTILLA,,TUCUMAN,CA,5,EL,GRANEL,,30000,28000,27000,6000,5600,5400
2026-09-02,frutas,FRUTILLA,Prom.Esp.,,,0,,,,0,21000,0,0,6450,0
2026-09-02,frutas,KIWI,,BS. AS.,CA,10,EL,CHICO,,22000,21000,20000,2200,2100,2000
2026-09-02,frutas,KIWI,,BS. AS.,CA,10,EL,GRANDE,,62000,60000,58000,6200,6000,5800
2026-09-02,frutas,KIWI,,BS. AS.,CA,10,EL,MEDIANO,,42000,40000,37000,4200,4000,3700
2026-09-02,frutas,KIWI,,CHILE,CA,10,EL,MEDIANO,,50000,48000,45000,5000,4800,4500
2026-09-02,frutas,KIWI,Prom.Esp.,,,0,,,,0,42250,0,0,4225,0
2026-09-02,frutas,KUMQUAT,,E. RIOS,BO,1,EL,GRANEL,,3000,2700,2500,3000,2700,2500
2026-09-02,frutas,KUMQUAT,Prom.Esp.,,,0,,,,0,2700,0,0,2700,0
2026-09-02,frutas,LIMA,,E. RIOS,PE,17,EL,GRANEL,,22000,21000,20000,1294.12,1235.29,1176.47
2026-09-02,frutas,LIMA,TAHITI,BRASIL,BA,10,EL,MEDIANO,,28000,27000,25000,2800,2700,2500
2026-09-02,frutas,LIMA,Prom.Esp.,,,0,,,,0,24000,0,0,1967.65,0
2026-09-02,frutas,LIMON,EUREKA,CTES.,TO,18,EL,125/138,,15000,13000,12000,833.33,722.22,666.67
2026-09-02,frutas,LIMON,EUREKA,JUJUY,CA,17,EL,090/120,,15000,14000,11000,882.35,823.53,647.06
2026-09-02,frutas,LIMON,EUREKA,SALTA,CA,17,EL,090/120,,14000,13000,12000,823.53,764.71,705.88
2026-09-02,frutas,LIMON,EUREKA,TUCUMAN,BO,14,CL,GRANEL,,10000,8000,7000,714.29,571.43,500
2026-09-02,frutas,LIMON,EUREKA,TUCUMAN,CA,18,EL,090/100,,13000,12000,11000,722.22,666.67,611.11
2026-09-02,frutas,LIMON,EUREKA,TUCUMAN,CA,18,EL,125/138,,12000,11000,10000,666.67,611.11,555.56
2026-09-02,frutas,LIMON,GENOVA,E. RIOS,PE,18,EL,100/140,,12000,10000,9000,666.67,555.56,500
2026-09-02,frutas,LIMON,Prom.Esp.,,,0,,,,0,11571,0,0,673.6,0
2026-09-02,frutas,MANDARINA,ELLENDALE,CTES.,CA,18,EL,MEDIANO,,11000,10000,9000,611.11,555.56,500
2026-09-02,frutas,MANDARINA,ELLENDALE,E. RIOS,PE,18,EL,GRANDE,,15000,13000,12000,833.33,722.22,666.67
2026-09-02,frutas,MANDARINA,ELLENDALE,E. RIOS,PE,18,EL,MEDIANO,,12000,11000,10000,666.67,611.11,555.56
2026-09-02,frutas,MANDARINA,ENCORE,E. RIOS,JA,18,EL,MEDIANO,,13000,11000,10000,722.22,611.11,555.56
2026-09-02,frutas,MANDARINA,ENCORE,E. RIOS,TO,18,EL,GRANDE,,17000,16000,14000,944.44,888.89,777.78
2026-09-02,frutas,MANDARINA,MALVASIO,E. RIOS,PE,18,EL,MEDIANO,,13000,12000,11000,722.22,666.67,611.11
2026-09-02,frutas,MANDARINA,MURCOT,E. RIOS,PE,18,EL,GRANDE,,16000,15000,14000,888.89,833.33,777.78
2026-09-02,frutas,MANDARINA,MURCOT,E. RIOS,PE,18,EL,MEDIANO,,13000,12000,11000,722.22,666.67,611.11
2026-09-02,frutas,MANDARINA,NOVA,CTES.,PE,18,EL,MEDIANO,,9000,8000,7000,500,444.44,388.89
2026-09-02,frutas,MANDARINA,NOVA,E. RIOS,PE,18,EL,MEDIANO,,10000,9000,8000,555.56,500,444.44
2026-09-02,frutas,MANDARINA,Prom.Esp.,,,0,,,,0,11700,0,0,650,0
2026-09-02,frutas,MANGO,,BRASIL,CA,4,EL,MEDIANO,,15000,14000,12000,3750,3500,3000
2026-09-02,frutas,MANGO,,BRASIL,CA,18,EL,GRANDE,,40000,38000,36000,2222.22,2111.11,2000
2026-09-02,frutas,MANGO,Prom.Esp.,,,0,,,,0,26000,0,0,2805.56,0
2026-09-02,frutas,MANZANA,CRIPPS PIN,R. NEGRO,CA,18,EL,100/125,,40000,37000,35000,2222.22,2055.56,1944.44
2026-09-02,frutas,MANZANA,CRIPPS PIN,R. NEGRO,CA,18,EL,125/138,,35000,33000,32000,1944.44,1833.33,1777.78
2026-09-02,frutas,MANZANA,GRANNY SMI,CHILE,CA,18,EL,070/080,,66000,64000,62000,3666.67,3555.56,3444.44
2026-09-02,frutas,MANZANA,GRANNY SMI,R. NEGRO,CA,10,EL,036/044,,34000,32000,30000,3400,3200,3000
2026-09-02,frutas,MANZANA,GRANNY SMI,R. NEGRO,CA,18,EL,080/100,,55000,53000,50000,3055.56,2944.44,2777.78
2026-09-02,frutas,MANZANA,GRANNY SMI,R. NEGRO,CA,18,EL,110/130,,38000,37000,36000,2111.11,2055.56,2000
2026-09-02,frutas,MANZANA,GRANNY SMI,R. NEGRO,JA,18,CL,088/113,,33000,32000,30000,1833.33,1777.78,1666.67
2026-09-02,frutas,MANZANA,GRANNY SMI,R. NEGRO,JA,18,CL,125/138,,31000,29000,28000,1722.22,1611.11,1555.56
2026-09-02,frutas,MANZANA,GRANNY SMI,R. NEGRO,JA,18,EL,100/125,,37000,36000,35000,2055.56,2000,1944.44
2026-09-02,frutas,MANZANA,RED DELICI,CHILE,CA,18,EL,080/100,,68000,66000,64000,3777.78,3666.67,3555.56
2026-09-02,frutas,MANZANA,RED DELICI,R. NEGRO,CA,10,EL,044/056,,33000,32000,30000,3300,3200,3000
2026-09-02,frutas,MANZANA,RED DELICI,R. NEGRO,CA,18,CL,080/100,,31000,29000,26000,1722.22,1611.11,1444.44
2026-09-02,frutas,MANZANA,RED DELICI,R. NEGRO,CA,18,CL,113/125,,35000,33000,32000,1944.44,1833.33,1777.78
2026-09-02,frutas,MANZANA,RED DELICI,R. NEGRO,CA,18,EL,080/100,,40000,38000,35000,2222.22,2111.11,1944.44
2026-09-02,frutas,MANZANA,RED DELICI,R. NEGRO,CA,18,EL,088/113,,54000,50000,45000,3000,2777.78,2500
2026-09-02,frutas,MANZANA,RED DELICI,R. NEGRO,CA,18,EL,113/125,,44000,40000,38000,2444.44,2222.22,2111.11
2026-09-02,frutas,MANZANA,RED DELICI,R. NEGRO,CA,18,EL,125/138,,40000,38000,35000,2222.22,2111.11,1944.44
2026-09-02,frutas,MANZANA,RED DELICI,R. NEGRO,CA,18,SP,088/113,,58000,56000,52000,3222.22,3111.11,2888.89
2026-09-02,frutas,MANZANA,RED DELICI,R. NEGRO,JA,18,CL,072/080,,32000,30000,28000,1777.78,1666.67,1555.56
2026-09-02,frutas,MANZANA,RED DELICI,R. NEGRO,JA,18,CL,100/125,,30000,28000,26000,1666.67,1555.56,1444.44
2026-09-02,frutas,MANZANA,RED DELICI,R. NEGRO,JA,18,EL,113/125,,35000,32000,30000,1944.44,1777.78,1666.67
2026-09-02,frutas,MANZANA,ROME BEAUT,R. NEGRO,CA,18,EL,072/080,,42000,40000,37000,2333.33,2222.22,2055.56
2026-09-02,frutas,MANZANA,Prom.Esp.,,,0,,,,0,39318,0,0,2313.64,0
2026-09-02,frutas,MELON,AMARILLO,BRASIL,CA,12,EL,MEDIANO,,36000,34000,32000,3000,2833.33,2666.67
2026-09-02,frutas,MELON,ORANGE,BRASIL,CA,10,EL,MEDIANO,,35000,34000,33000,3500,3400,3300
2026-09-02,frutas,MELON,Prom.Esp.,,,0,,,,0,34000,0,0,3116.67,0
2026-09-02,frutas,MEMBRILLO,,R. NEGRO,CA,10,EL,MEDIANO,,27000,25000,24000,2700,2500,2400
2026-09-02,frutas,MEMBRILLO,Prom.Esp.,,,0,,,,0,25000,0,0,2500,0
2026-09-02,frutas,NARANJA,NEW HALL,E. RIOS,PE,18,EL,090/110,,17000,16000,15000,944.44,888.89,833.33
2026-09-02,frutas,NARANJA,SALUSTIANA,CTES.,PE,18,EL,110/130,,11000,10000,9000,611.11,555.56,500
2026-09-02,frutas,NARANJA,SALUSTIANA,E. RIOS,PE,18,EL,090/110,,15000,13000,12000,833.33,722.22,666.67
2026-09-02,frutas,NARANJA,SALUSTIANA,E. RIOS,PE,18,EL,110/130,,12000,11000,10000,666.67,611.11,555.56
2026-09-02,frutas,NARANJA,SALUSTIANA,SALTA,PE,18,EL,110/130,,15000,13000,12000,833.33,722.22,666.67
2026-09-02,frutas,NARANJA,W.NAVEL,BS. AS.,JA,17,EL,050/065,,18000,17000,15000,1058.82,1000,882.35
2026-09-02,frutas,NARANJA,Prom.Esp.,,,0,,,,0,13333,0,0,750,0
2026-09-02,frutas,NUEZ,,MENDOZA,BO,5,EL,GRANEL,,40000,39000,37000,8000,7800,7400
2026-09-02,frutas,NUEZ,Prom.Esp.,,,0,,,,0,39000,0,0,7800,0
2026-09-02,frutas,PALTA,HASS,BRASIL,CA,11,EL,GRANDE,,60000,58000,55000,5454.55,5272.73,5000
2026-09-02,frutas,PALTA,HASS,BRASIL,CA,11,EL,MEDIANO,,50000,47000,45000,4545.45,4272.73,4090.91
2026-09-02,frutas,PALTA,HASS,CHILE,CA,10,EL,GRANDE,,90000,85000,82000,9000,8500,8200
2026-09-02,frutas,PALTA,HASS,CHILE,CA,11,EL,MEDIANO,,80000,78000,75000,7272.73,7090.91,6818.18
2026-09-02,frutas,PALTA,HASS,CTES.,CA,10,EL,MEDIANO,,40000,38000,35000,4000,3800,3500
2026-09-02,frutas,PALTA,HASS,JUJUY,CA,10,EL,MEDIANO,,45000,42000,40000,4500,4200,4000
2026-09-02,frutas,PALTA,HASS,PERU,BA,11,EL,GRANDE,,58000,55000,50000,5272.73,5000,4545.45
2026-09-02,frutas,PALTA,HASS,PERU,BA,11,EL,MEDIANO,,48000,46000,45000,4363.64,4181.82,4090.91
2026-09-02,frutas,PALTA,HASS,TUCUMAN,BA,10,EL,MEDIANO,,44000,42000,40000,4400,4200,4000
2026-09-02,frutas,PALTA,TORRES,TUCUMAN,BA,10,EL,MEDIANO,,30000,29000,28000,3000,2900,2800
2026-09-02,frutas,PALTA,Prom.Esp.,,,0,,,,0,52000,0,0,4941.82,0
2026-09-02,frutas,PELON,,ESPAÑA,CA,4,EL,GRANDE,,30000,28000,27000,7500,7000,6750
2026-09-02,frutas,PELON,Prom.Esp.,,,0,,,,0,28000,0,0,7000,0
2026-09-02,frutas,PERA,ASIATICA,CHINA,CA,5,EL,GRANEL,,38000,36000,35000,7600,7200,7000
2026-09-02,frutas,PERA,ASIATICA,R. NEGRO,CA,10,EL,MEDIANO,,38000,36000,34000,3800,3600,3400
2026-09-02,frutas,PERA,BEUR.BOSC,R. NEGRO,JA,18,EL,090/100,,23000,21000,19000,1277.78,1166.67,1055.56
2026-09-02,frutas,PERA,PACKHAM'S,R. NEGRO,CA,10,EL,030/040,,24000,22000,20000,2400,2200,2000
2026-09-02,frutas,PERA,PACKHAM'S,R. NEGRO,CA,18,EL,070/090,,42000,38000,35000,2333.33,2111.11,1944.44
2026-09-02,frutas,PERA,PACKHAM'S,R. NEGRO,CA,18,EL,100/120,,35000,32000,28000,1944.44,1777.78,1555.56
2026-09-02,frutas,PERA,PACKHAM'S,R. NEGRO,JA,18,EL,080/120,,30000,28000,25000,1666.67,1555.56,1388.89
2026-09-02,frutas,PERA,PACKHAM'S,R. NEGRO,PE,18,CL,100/120,,24000,23000,22000,1333.33,1277.78,1222.22
2026-09-02,frutas,PERA,Prom.Esp.,,,0,,,,0,29500,0,0,2611.11,0
2026-09-02,frutas,PITAHAYA,,ECUADOR,CA,3,EL,GRANDE,,65000,60000,55000,21666.7,20000,18333.3
2026-09-02,frutas,PITAHAYA,Prom.Esp.,,,0,,,,0,60000,0,0,20000,0
2026-09-02,frutas,PLATANO,,ECUADOR,CA,22,EL,GRANDE,,70000,68000,65000,3181.82,3090.91,2954.55
2026-09-02,frutas,PLATANO,Prom.Esp.,,,0,,,,0,68000,0,0,3090.91,0
2026-09-02,frutas,POMELO,BLANCO,E. RIOS,CA,18,EL,050/070,,12000,10000,9000,666.67,555.56,500
2026-09-02,frutas,POMELO,STAR RUBY,E. RIOS,PE,18,EL,050/070,,15000,14000,12000,833.33,777.78,666.67
2026-09-02,frutas,POMELO,STAR RUBY,SALTA,PE,18,EL,070/090,,20000,18000,16000,1111.11,1000,888.89
2026-09-02,frutas,POMELO,Prom.Esp.,,,0,,,,0,14000,0,0,777.78,0
2026-09-02,frutas,SANDIA,,BRASIL,CA,16,EL,004/006,,32000,30000,28000,2000,1875,1750
2026-09-02,frutas,SANDIA,,BRASIL,GR,0,CL,GRANEL,,0,0,0,1600,1500,1400
2026-09-02,frutas,SANDIA,Prom.Esp.,,,0,,,,0,15000,0,0,1687.5,0
2026-09-02,frutas,UVA,ARRA 15,BRASIL,CA,8,EL,GRANEL,,65000,64000,60000,8125,8000,7500
2026-09-02,frutas,UVA,AUTUMN CRI,BRASIL,CA,8,EL,GRANDE,,52000,50000,48000,6500,6250,6000
2026-09-02,frutas,UVA,NUBIA,BRASIL,CA,8,EL,GRANEL,,50000,48000,47000,6250,6000,5875
2026-09-02,frutas,UVA,RED GLOBE,BRASIL,CA,8,EL,GRANDE,,64000,62000,60000,8000,7750,7500
2026-09-02,frutas,UVA,RED GLOBE,CHILE,CA,8,EL,GRANEL,,65000,63000,61000,8125,7875,7625
2026-09-02,frutas,UVA,SUGAR CRIP,BRASIL,CA,8,EL,GRANEL,,60000,59000,57000,7500,7375,7125
2026-09-02,frutas,UVA,Prom.Esp.,,,0,,,,0,57667,0,0,7208.33,0
2026-09-02,hortalizas,ACELGA,,BS. AS.,JA,10,1A,,INV,7000,6000,5000,700,600,500
2026-09-02,hortalizas,ACELGA,,BS. AS.,JA,10,1A,SIN TAM,,5000,3800,3500,500,380,350
2026-09-02,hortalizas,ACELGA,,BS. AS.,JA,10,2A,SIN TAM,,3500,3300,3000,350,330,300
2026-09-02,hortalizas,ACELGA,Prom.Esp.,,,0,,,,0,4366.7,0,0,436.67,0
2026-09-02,hortalizas,ACHICORIA,,BS. AS.,JA,10,1A,,,10000,9000,8000,1000,900,800
2026-09-02,hortalizas,ACHICORIA,Prom.Esp.,,,0,,,,0,9000,0,0,900,0
2026-09-02,hortalizas,ACUSAY,,BS. AS.,JA,10,1A,GRANDE,,9000,8000,7000,900,800,700
2026-09-02,hortalizas,ACUSAY,,BS. AS.,JA,10,1A,MEDIANO,,7000,6500,6000,700,650,600
2026-09-02,hortalizas,ACUSAY,Prom.Esp.,,,0,,,,0,7250,0,0,725,0
2026-09-02,hortalizas,AJO,COLORADO,BRASIL,CA,10,1A,6,,58000,57000,56000,5800,5700,5600
2026-09-02,hortalizas,AJO,COLORADO,BRASIL,CA,10,1A,7,,69000,67000,65000,6900,6700,6500
2026-09-02,hortalizas,AJO,COLORADO,MENDOZA,CA,5,1A,6,,38000,36000,34000,7600,7200,6800
2026-09-02,hortalizas,AJO,COLORADO,MENDOZA,CA,5,1A,8,,50000,47000,45000,10000,9400,9000
2026-09-02,hortalizas,AJO,COLORADO,MENDOZA,RT,4,1A,4,,7000,5000,4000,1750,1250,1000
2026-09-02,hortalizas,AJO,COLORADO,MENDOZA,RT,5,1A,5,,11000,9000,8000,2200,1800,1600
2026-09-02,hortalizas,AJO,COLORADO,MENDOZA,RT,7,1A,7,,17000,15000,13000,2428.57,2142.86,1857.14
2026-09-02,hortalizas,AJO,COLORADO,MENDOZA,RT,8,1A,8,,26000,23000,20000,3250,2875,2500
2026-09-02,hortalizas,AJO,COLORADO,MENDOZA,RT,9,1A,9,,35000,32000,25000,3888.89,3555.56,2777.78
2026-09-02,hortalizas,AJO,COLORADO,MENDOZA,RT,10,1A,10,,55000,50000,48000,5500,5000,4800
2026-09-02,hortalizas,AJO,COLORADO,MENDOZA,RT,11,1A,11,,70000,62000,60000,6363.64,5636.36,5454.55
2026-09-02,hortalizas,AJO,COLORADO,MENDOZA,RT,12,1A,12,,80000,76000,75000,6666.67,6333.33,6250
2026-09-02,hortalizas,AJO,MDO. CHINO,MENDOZA,CA,5,1A,10,,30000,28000,25000,6000,5600,5000
2026-09-02,hortalizas,AJO,MDO. CHINO,MENDOZA,CA,5,1A,12,,36000,33000,32000,7200,6600,6400
2026-09-02,hortalizas,AJO,MDO. CHINO,MENDOZA,CA,5,1A,7,,20000,18000,15000,4000,3600,3000
2026-09-02,hortalizas,AJO,Prom.Esp.,,,0,,,,0,37200,0,0,4892.87,0
2026-09-02,hortalizas,ALBAHACA,,BS. AS.,AT,0,1A,,INV,0,0,0,750,700,600
2026-09-02,hortalizas,ALBAHACA,,CTES.,AT,0,1A,,INV,0,0,0,700,680,600
2026-09-02,hortalizas,ALBAHACA,Prom.Esp.,,,0,,,,0,0,0,0,690,0
2026-09-02,hortalizas,ALCAUCIL,VIOLETA,BS. AS.,TO,6,1A,MEDIANO,,25000,23000,22000,4166.67,3833.33,3666.67
2026-09-02,hortalizas,ALCAUCIL,Ñ. FRANCES,BS. AS.,TO,6,1A,MEDIANO,,23000,22000,19000,3833.33,3666.67,3166.67
2026-09-02,hortalizas,ALCAUCIL,Prom.Esp.,,,0,,,,0,22500,0,0,3750,0
2026-09-02,hortalizas,APIO,,BS. AS.,TO,6,1A,MEDIANO,INV,8000,7000,6000,1333.33,1166.67,1000
2026-09-02,hortalizas,APIO,,BS. AS.,TO,8,1A,GRANDE,INV,12000,10000,9000,1500,1250,1125
2026-09-02,hortalizas,APIO,Prom.Esp.,,,0,,,,0,8500,0,0,1208.34,0
2026-09-02,hortalizas,BATATA,ARAPEY,BRASIL,BO,20,1A,MEDIANO,,29000,28000,26000,1450,1400,1300
2026-09-02,hortalizas,BATATA,ARAPEY,CORDOBA,BO,13,1A,MEDIANO,,15000,13500,12000,1153.85,1038.46,923.08
2026-09-02,hortalizas,BATATA,BEAUREGARD,S. PEDRO,BO,11,1A,MEDIANO,,22000,21000,19000,2000,1909.09,1727.27
2026-09-02,hortalizas,BATATA,Prom.Esp.,,,0,,,,0,20833,0,0,1449.18,0
2026-09-02,hortalizas,BERENJENA,VTA.MED.LA,SALTA,PE,12,1A,MEDIANO,INV,19000,18000,16000,1583.33,1500,1333.33
2026-09-02,hortalizas,BERENJENA,VTA.MED.LA,SALTA,TO,12,1A,MEDIANO,,16000,15000,13000,1333.33,1250,1083.33
2026-09-02,hortalizas,BERENJENA,Prom.Esp.,,,0,,,,0,16500,0,0,1375,0
2026-09-02,hortalizas,BERRO,,BS. AS.,AT,1,1A,SIN TAM,,3000,2600,2000,3000,2600,2000
2026-09-02,hortalizas,BERRO,Prom.Esp.,,,0,,,,0,2600,0,0,2600,0
2026-09-02,hortalizas,BROCOLI,,BS. AS.,JA,8,1A,MEDIANO,,14000,13000,11000,1750,1625,1375
2026-09-02,hortalizas,BROCOLI,,BS. AS.,JA,8,1A,MEDIANO,INV,17000,15000,14000,2125,1875,1750
2026-09-02,hortalizas,BROCOLI,,MENDOZA,PE,8,,MEDIANO,,18000,17000,16000,2250,2125,2000
2026-09-02,hortalizas,BROCOLI,Prom.Esp.,,,0,,,,0,15000,0,0,1875,0
2026-09-02,hortalizas,BROTE ALFA,,BS. AS.,BO,1,1A,MEDIANO,,11000,9000,8000,11000,9000,8000
2026-09-02,hortalizas,BROTE ALFA,Prom.Esp.,,,0,,,,0,9000,0,0,9000,0
2026-09-02,hortalizas,BROTE SOJA,,BS. AS.,BO,1,1A,,,8000,7000,6000,8000,7000,6000
2026-09-02,hortalizas,BROTE SOJA,Prom.Esp.,,,0,,,,0,7000,0,0,7000,0
2026-09-02,hortalizas,CARDO,,BS. AS.,AT,4,1A,MEDIANO,,7000,6000,5000,1750,1500,1250
2026-09-02,hortalizas,CARDO,Prom.Esp.,,,0,,,,0,6000,0,0,1500,0
2026-09-02,hortalizas,CEB.VERDEO,COLORADA,BS. AS.,AT,1,1A,MEDIANO,,2500,2300,1800,2500,2300,1800
2026-09-02,hortalizas,CEB.VERDEO,COLORADA,BS. AS.,JA,10,1A,MEDIANO,,23000,21000,18000,2300,2100,1800
2026-09-02,hortalizas,CEB.VERDEO,COLORADA,SGO.EST.,AT,1,1A,MEDIANO,,2200,1900,1800,2200,1900,1800
2026-09-02,hortalizas,CEB.VERDEO,Prom.Esp.,,,0,,,,0,8400,0,0,2100,0
2026-09-02,hortalizas,CEBOLLA,COLORADA,BRASIL,BO,20,1A,MEDIANO,,40000,39000,37000,2000,1950,1850
2026-09-02,hortalizas,CEBOLLA,COLORADA,S.BS.AS.,BO,20,1A,MEDIANO,,35000,30000,28000,1750,1500,1400
2026-09-02,hortalizas,CEBOLLA,COLORADA,S.BS.AS.,BO,20,2A,MEDIANO,,25000,22000,18000,1250,1100,900
2026-09-02,hortalizas,CEBOLLA,OPTIMA,BRASIL,BO,20,1A,MEDIANO,,33000,31000,29000,1650,1550,1450
2026-09-02,hortalizas,CEBOLLA,VALENCIANA,R. NEGRO,BO,20,1A,MEDIANO,,24000,21000,20000,1200,1050,1000
2026-09-02,hortalizas,CEBOLLA,VALENCIANA,S.BS.AS.,BO,20,1A,MEDIANO,,23000,20000,19000,1150,1000,950
2026-09-02,hortalizas,CEBOLLA,VALENCIANA,S.BS.AS.,BO,20,2A,MEDIANO,,17000,15000,13000,850,750,650
2026-09-02,hortalizas,CEBOLLA,Prom.Esp.,,,0,,,,0,25429,0,0,1271.43,0
2026-09-02,hortalizas,CHAUCHA,ESMERALDA,CTES.,TO,10,1A,MEDIANO,INV,20000,18000,17000,2000,1800,1700
2026-09-02,hortalizas,CHAUCHA,ESMERALDA,SALTA,PE,10,1A,MEDIANO,INV,21000,20000,18000,2100,2000,1800
2026-09-02,hortalizas,CHAUCHA,ROLLIZA,SALTA,PE,12,1A,MEDIANO,INV,21000,17000,15000,1750,1416.67,1250
2026-09-02,hortalizas,CHAUCHA,ROLLIZA,SALTA,TO,12,1A,MEDIANO,,15000,13000,11000,1250,1083.33,916.67
2026-09-02,hortalizas,CHAUCHA,Prom.Esp.,,,0,,,,0,17000,0,0,1575,0
2026-09-02,hortalizas,CHOCLO,AMARILLO,SALTA,PE,15,1A,MEDIANO,PRE,47000,46000,44000,3133.33,3066.67,2933.33
2026-09-02,hortalizas,CHOCLO,AMARILLO,SALTA,PE,15,2A,MEDIANO,PRE,41000,39000,37000,2733.33,2600,2466.67
2026-09-02,hortalizas,CHOCLO,Prom.Esp.,,,0,,,,0,42500,0,0,2833.34,0
2026-09-02,hortalizas,CIBOULLE,,BS. AS.,AT,1,1A,MEDIANO,,11000,10000,9000,11000,10000,9000
2026-09-02,hortalizas,CIBOULLE,Prom.Esp.,,,0,,,,0,10000,0,0,10000,0
2026-09-02,hortalizas,CILANDRO,,BS. AS.,AT,1,1A,MEDIANO,,12000,11000,10000,12000,11000,10000
2026-09-02,hortalizas,CILANDRO,Prom.Esp.,,,0,,,,0,11000,0,0,11000,0
2026-09-02,hortalizas,COLIFLOR,,BS. AS.,JA,15,1A,MEDIANO,,18000,16000,15000,1200,1066.67,1000
2026-09-02,hortalizas,COLIFLOR,,MENDOZA,PE,15,1A,MEDIANO,,21000,19000,17000,1400,1266.67,1133.33
2026-09-02,hortalizas,COLIFLOR,Prom.Esp.,,,0,,,,0,17500,0,0,1166.67,0
2026-09-02,hortalizas,CURCUMA,SIN VARIED,BRASIL,CA,1,1A,MEDIANO,,5000,4000,3000,5000,4000,3000
2026-09-02,hortalizas,CURCUMA,Prom.Esp.,,,0,,,,0,4000,0,0,4000,0
2026-09-02,hortalizas,ECHALOTE,,MENDOZA,CA,1,1A,,,11000,10000,9000,11000,10000,9000
2026-09-02,hortalizas,ECHALOTE,Prom.Esp.,,,0,,,,0,10000,0,0,10000,0
2026-09-02,hortalizas,ENDIBIA,,BS. AS.,BA,1,1A,MEDIANO,,22000,21000,19000,22000,21000,19000
2026-09-02,hortalizas,ENDIBIA,Prom.Esp.,,,0,,,,0,21000,0,0,21000,0
2026-09-02,hortalizas,ESCAROLA,HOJA ANCHA,BS. AS.,TT,5,1A,,,7000,6500,5000,1400,1300,1000
2026-09-02,hortalizas,ESCAROLA,HOJA FINA,BS. AS.,TT,5,1A,,,8000,7000,6000,1600,1400,1200
2026-09-02,hortalizas,ESCAROLA,Prom.Esp.,,,0,,,,0,6750,0,0,1350,0
2026-09-02,hortalizas,ESPARRAGO,VERDE,SAN JUAN,AT,0.5,1A,CHICO,,3000,2500,2000,6000,5000,4000
2026-09-02,hortalizas,ESPARRAGO,VERDE,SAN JUAN,AT,0.5,1A,MEDIANO,,4500,3500,3000,9000,7000,6000
2026-09-02,hortalizas,ESPARRAGO,Prom.Esp.,,,0,,,,0,3000,0,0,6000,0
2026-09-02,hortalizas,ESPINACA,,BS. AS.,JA,5,1A,,,4000,3300,3000,800,660,600
2026-09-02,hortalizas,ESPINACA,,BS. AS.,JA,5,1A,,INV,7000,5500,5000,1400,1100,1000
2026-09-02,hortalizas,ESPINACA,Prom.Esp.,,,0,,,,0,4400,0,0,880,0
2026-09-02,hortalizas,HABA,,JUJUY,BO,10,1A,MEDIANO,,21000,20000,18000,2100,2000,1800
2026-09-02,hortalizas,HABA,Prom.Esp.,,,0,,,,0,20000,0,0,2000,0
2026-09-02,hortalizas,HINOJO,,BS. AS.,JA,15,1A,MEDIANO,,18000,17000,16000,1200,1133.33,1066.67
2026-09-02,hortalizas,HINOJO,Prom.Esp.,,,0,,,,0,17000,0,0,1133.33,0
2026-09-02,hortalizas,HONGOS,AGARICUS,BS. AS.,BO,1,1A,,,20000,19500,19000,20000,19500,19000
2026-09-02,hortalizas,HONGOS,OYSTER,BS. AS.,BA,1,1A,,,22000,21000,19000,22000,21000,19000
2026-09-02,hortalizas,HONGOS,PORTOBELO,BS. AS.,BO,1,1A,,,23000,21000,19000,23000,21000,19000
2026-09-02,hortalizas,HONGOS,SHIITAKE,BS. AS.,BA,1,1A,,,24000,22000,21000,24000,22000,21000
2026-09-02,hortalizas,HONGOS,Prom.Esp.,,,0,,,,0,20875,0,0,20875,0
2026-09-02,hortalizas,JENGIBRE,,BRASIL,BO,1,1A,MEDIANO,,4000,3700,3000,4000,3700,3000
2026-09-02,hortalizas,JENGIBRE,,MISIONES,BO,1,1A,MEDIANO,,4000,3600,3000,4000,3600,3000
2026-09-02,hortalizas,JENGIBRE,Prom.Esp.,,,0,,,,0,3650,0,0,3650,0
2026-09-02,hortalizas,KALE,CRESPO,BS. AS.,AT,1,1A,SIN TAM,VER,1300,1200,1000,1300,1200,1000
2026-09-02,hortalizas,KALE,MORADO,BS. AS.,AT,1,1A,SIN TAM,,1400,1300,1100,1400,1300,1100
2026-09-02,hortalizas,KALE,Prom.Esp.,,,0,,,,0,1250,0,0,1250,0
2026-09-02,hortalizas,LECHUGA,CAPUCHINA,BS. AS.,JA,12,1A,MEDIANO,,11000,9500,8000,916.67,791.67,666.67
2026-09-02,hortalizas,LECHUGA,CAPUCHINA,MENDOZA,PE,15,1A,MEDIANO,,15000,14000,12000,1000,933.33,800
2026-09-02,hortalizas,LECHUGA,CAPUCHINA,SANTA FE,JA,12,1A,MEDIANO,,11000,9000,8000,916.67,750,666.67
2026-09-02,hortalizas,LECHUGA,CAPUCHINA,SGO.EST.,PE,15,1A,MEDIANO,,13000,12000,10000,866.67,800,666.67
2026-09-02,hortalizas,LECHUGA,CRIOLLA,BS. AS.,JA,8,1A,GRANDE,INV,8000,7000,6000,1000,875,750
2026-09-02,hortalizas,LECHUGA,CRIOLLA,BS. AS.,JA,8,1A,MEDIANO,INV,6000,5000,4000,750,625,500
2026-09-02,hortalizas,LECHUGA,CRIOLLA,SANTA FE,JA,12,1A,MEDIANO,,10000,8500,8000,833.33,708.33,666.67
2026-09-02,hortalizas,LECHUGA,FRANCESA,BS. AS.,JA,8,1A,MEDIANO,,7000,6500,5000,875,812.5,625
2026-09-02,hortalizas,LECHUGA,MANTECOSA,BS. AS.,JA,5,1A,GRANDE,INV,9000,7500,7000,1800,1500,1400
2026-09-02,hortalizas,LECHUGA,MANTECOSA,BS. AS.,JA,5,1A,MEDIANO,INV,7000,6500,5000,1400,1300,1000
2026-09-02,hortalizas,LECHUGA,Prom.Esp.,,,0,,,,0,8550,0,0,909.58,0
2026-09-02,hortalizas,MANDIOCA,,MISIONES,BO,40,1A,GRANDE,,28000,27000,25000,700,675,625
2026-09-02,hortalizas,MANDIOCA,Prom.Esp.,,,0,,,,0,27000,0,0,675,0
2026-09-02,hortalizas,MENTA,,BS. AS.,AT,1,1A,MEDIANO,,10000,9500,8000,10000,9500,8000
2026-09-02,hortalizas,MENTA,Prom.Esp.,,,0,,,,0,9500,0,0,9500,0
2026-09-02,hortalizas,NABO,BLANCO,BS. AS.,AT,3,1A,MEDIANO,,5000,4000,3000,1666.67,1333.33,1000
2026-09-02,hortalizas,NABO,Prom.Esp.,,,0,,,,0,4000,0,0,1333.33,0
2026-09-02,hortalizas,OREGANO,,BS. AS.,BO,1,1A,,,10000,9500,9000,10000,9500,9000
2026-09-02,hortalizas,OREGANO,Prom.Esp.,,,0,,,,0,9500,0,0,9500,0
2026-09-02,hortalizas,PACK CHOY,,BS. AS.,BA,3,1A,,,9000,8500,7000,3000,2833.33,2333.33
2026-09-02,hortalizas,PACK CHOY,Prom.Esp.,,,0,,,,0,8500,0,0,2833.33,0
2026-09-02,hortalizas,PAPA,AGATA,BRASIL,BO,25,1A,MEDIANO,LAV,33000,31000,30000,1320,1240,1200
2026-09-02,hortalizas,PAPA,SPUNTA,CORDOBA,BO,18,2A,MEDIANO,,20000,19000,18000,1111.11,1055.56,1000
2026-09-02,hortalizas,PAPA,SPUNTA,SE BS.AS,BO,18,2A,MEDIANO,,16000,15000,14000,888.89,833.33,777.78
2026-09-02,hortalizas,PAPA,SPUNTA,SE BS.AS,BO,18,2A,MEDIANO,CEP,19000,18000,17000,1055.56,1000,944.44
2026-09-02,hortalizas,PAPA,SPUNTA,V.DOLOR.,BO,18,2A,MEDIANO,,19000,18500,17000,1055.56,1027.78,944.44
2026-09-02,hortalizas,PAPA,Prom.Esp.,,,0,,,,0,20300,0,0,1031.33,0
2026-09-02,hortalizas,PEPINO,,CTES.,TO,18,1A,MEDIANO,INV,25000,23000,20000,1388.89,1277.78,1111.11
2026-09-02,hortalizas,PEPINO,,SALTA,TO,18,1A,MEDIANO,,22000,20000,18000,1222.22,1111.11,1000
2026-09-02,hortalizas,PEPINO,,SALTA,TO,18,1A,MEDIANO,INV,28000,26000,25000,1555.56,1444.44,1388.89
2026-09-02,hortalizas,PEPINO,Prom.Esp.,,,0,,,,0,23000,0,0,1277.78,0
2026-09-02,hortalizas,PEREJIL,,BS. AS.,JA,10,1A,GRANDE,,15000,12000,10000,1500,1200,1000
2026-09-02,hortalizas,PEREJIL,,BS. AS.,JA,10,1A,MEDIANO,,11000,9500,8000,1100,950,800
2026-09-02,hortalizas,PEREJIL,,SGO.EST.,PE,10,1A,MEDIANO,,10000,9000,8000,1000,900,800
2026-09-02,hortalizas,PEREJIL,Prom.Esp.,,,0,,,,0,10167,0,0,1016.67,0
2026-09-02,hortalizas,PIMIENTO,JALAPEÑO,CTES.,PE,5,1A,MEDIANO,ROJ,18000,16000,15000,3600,3200,3000
2026-09-02,hortalizas,PIMIENTO,JALAPEÑO,SALTA,BA,4,1A,GRANDE,VER,14000,13000,11000,3500,3250,2750
2026-09-02,hortalizas,PIMIENTO,JALAPEÑO,SALTA,BA,4,1A,MEDIANO,ROJ,17000,16000,15000,4250,4000,3750
2026-09-02,hortalizas,PIMIENTO,MORRON,CTES.,TO,8,1A,GRANDE,R/I,25000,23000,22000,3125,2875,2750
2026-09-02,hortalizas,PIMIENTO,MORRON,CTES.,TO,8,1A,GRANDE,V/I,16000,15000,14000,2000,1875,1750
2026-09-02,hortalizas,PIMIENTO,MORRON,CTES.,TO,8,1A,MEDIANO,R/I,20000,18000,16000,2500,2250,2000
2026-09-02,hortalizas,PIMIENTO,MORRON,CTES.,TO,8,1A,MEDIANO,V/I,13000,11000,10000,1625,1375,1250
2026-09-02,hortalizas,PIMIENTO,MORRON,SALTA,PE,10,1A,GRANDE,R/I,35000,33000,32000,3500,3300,3200
2026-09-02,hortalizas,PIMIENTO,MORRON,SALTA,PE,10,1A,GRANDE,V/I,25000,23000,22000,2500,2300,2200
2026-09-02,hortalizas,PIMIENTO,MORRON,SALTA,PE,10,1A,MEDIANO,R/I,30000,28000,26000,3000,2800,2600
2026-09-02,hortalizas,PIMIENTO,MORRON,SALTA,PE,10,1A,MEDIANO,V/I,21000,20000,18000,2100,2000,1800
2026-09-02,hortalizas,PIMIENTO,VINAGRE,SALTA,PE,10,1A,MEDIANO,VER,19000,18000,16000,1900,1800,1600
2026-09-02,hortalizas,PIMIENTO,Prom.Esp.,,,0,,,,0,19500,0,0,2585.42,0
2026-09-02,hortalizas,PUERRO,,BS. AS.,AT,1,1A,MEDIANO,,2800,2200,1800,2800,2200,1800
2026-09-02,hortalizas,PUERRO,,BS. AS.,JA,10,1A,MEDIANO,,20000,18000,15000,2000,1800,1500
2026-09-02,hortalizas,PUERRO,Prom.Esp.,,,0,,,,0,10100,0,0,2000,0
2026-09-02,hortalizas,RABANITO,,BS. AS.,TT,5,1A,,,15000,13000,11000,3000,2600,2200
2026-09-02,hortalizas,RABANITO,Prom.Esp.,,,0,,,,0,13000,0,0,2600,0
2026-09-02,hortalizas,RADICCHIO,,MENDOZA,PE,5,1A,MEDIANO,,24000,22000,20000,4800,4400,4000
2026-09-02,hortalizas,RADICCHIO,Prom.Esp.,,,0,,,,0,22000,0,0,4400,0
2026-09-02,hortalizas,RADICHETA,1ER.CORTE,BS. AS.,BA,3,1A,,,7000,5500,5000,2333.33,1833.33,1666.67
2026-09-02,hortalizas,RADICHETA,2DO.CORTE,BS. AS.,BA,3,1A,,,5000,3500,3000,1666.67,1166.67,1000
2026-09-02,hortalizas,RADICHETA,Prom.Esp.,,,0,,,,0,4500,0,0,1500,0
2026-09-02,hortalizas,REMOLACHA,,BS. AS.,BO,10,1A,MEDIANO,,11000,9500,9000,1100,950,900
2026-09-02,hortalizas,REMOLACHA,,BS. AS.,JA,15,1A,MEDIANO,,14000,13000,11000,933.33,866.67,733.33
2026-09-02,hortalizas,REMOLACHA,,SANTA FE,BO,10,1A,MEDIANO,,10000,9000,8000,1000,900,800
2026-09-02,hortalizas,REMOLACHA,,SGO.EST.,BO,10,1A,MEDIANO,,9000,8000,7000,900,800,700
2026-09-02,hortalizas,REMOLACHA,,SGO.EST.,PE,15,1A,MEDIANO,,15000,13000,12000,1000,866.67,800
2026-09-02,hortalizas,REMOLACHA,Prom.Esp.,,,0,,,,0,10500,0,0,876.67,0
2026-09-02,hortalizas,REP.BRUSEL,,M.D.PLAT,,1,1A,MEDIANO,,3500,2600,2500,3500,2600,2500
2026-09-02,hortalizas,REP.BRUSEL,Prom.Esp.,,,0,,,,0,2600,0,0,2600,0
2026-09-02,hortalizas,REPOLLO,BLANCO,BS. AS.,JA,15,1A,GRANDE,,10000,9000,8000,666.67,600,533.33
2026-09-02,hortalizas,REPOLLO,BLANCO,BS. AS.,JA,15,1A,MEDIANO,,8000,7500,7000,533.33,500,466.67
2026-09-02,hortalizas,REPOLLO,BLANCO,MENDOZA,BO,15,1A,MEDIANO,,11000,9500,9000,733.33,633.33,600
2026-09-02,hortalizas,REPOLLO,COLORADO,BS. AS.,JA,15,1A,GRANDE,,13000,11000,10000,866.67,733.33,666.67
2026-09-02,hortalizas,REPOLLO,COLORADO,BS. AS.,JA,15,1A,MEDIANO,,10000,9000,7000,666.67,600,466.67
2026-09-02,hortalizas,REPOLLO,COLORADO,MENDOZA,BO,15,1A,MEDIANO,,14000,12000,11000,933.33,800,733.33
2026-09-02,hortalizas,REPOLLO,Prom.Esp.,,,0,,,,0,9666.7,0,0,644.44,0
2026-09-02,hortalizas,ROMERO,,BS. AS.,AT,1,1A,MEDIANO,,10000,9400,8500,10000,9400,8500
2026-09-02,hortalizas,ROMERO,Prom.Esp.,,,0,,,,0,9400,0,0,9400,0
2026-09-02,hortalizas,RUCULA,,BS. AS.,BA,3,1A,SIN TAM,,7000,5000,4000,2333.33,1666.67,1333.33
2026-09-02,hortalizas,RUCULA,Prom.Esp.,,,0,,,,0,5000,0,0,1666.67,0
2026-09-02,hortalizas,SALVIA,,BS. AS.,BO,1,1A,,,10000,9000,8500,10000,9000,8500
2026-09-02,hortalizas,SALVIA,Prom.Esp.,,,0,,,,0,9000,0,0,9000,0
2026-09-02,hortalizas,TOMATE,CHERRY,CTES.,CA,5,1A,GRANDE,P/I,31000,30000,28000,6200,6000,5600
2026-09-02,hortalizas,TOMATE,CHERRY,CTES.,CA,5,1A,MEDIANO,P/I,27000,26000,23000,5400,5200,4600
2026-09-02,hortalizas,TOMATE,CHERRY,CTES.,CA,5,1A,MEDIANO,R/I,29000,28000,26000,5800,5600,5200
2026-09-02,hortalizas,TOMATE,CHERRY,SALTA,CA,5,1A,GRANDE,P/I,33000,32000,30000,6600,6400,6000
2026-09-02,hortalizas,TOMATE,CHERRY,SALTA,CA,5,1A,MEDIANO,P/I,30000,28000,27000,6000,5600,5400
2026-09-02,hortalizas,TOMATE,PERITA,SALTA,PE,18,1A,GRANDE,P/I,53000,51000,49000,2944.44,2833.33,2722.22
2026-09-02,hortalizas,TOMATE,PERITA,SALTA,PE,18,1A,MEDIANO,P/I,46000,45000,42000,2555.56,2500,2333.33
2026-09-02,hortalizas,TOMATE,PERITA,SALTA,PE,18,1A,MEDIANO,R/I,47000,46000,43000,2611.11,2555.56,2388.89
2026-09-02,hortalizas,TOMATE,PERITA,SALTA,TO,18,1A,GRANDE,PIN,40000,36000,35000,2222.22,2000,1944.44
2026-09-02,hortalizas,TOMATE,PERITA,SALTA,TO,18,1A,MEDIANO,PIN,33000,31000,28000,1833.33,1722.22,1555.56
2026-09-02,hortalizas,TOMATE,REDONDO,CTES.,TO,18,1A,CHICO,P/I,19000,18000,15000,1055.56,1000,833.33
2026-09-02,hortalizas,TOMATE,REDONDO,CTES.,TO,18,1A,GRANDE,P/I,42000,40000,38000,2333.33,2222.22,2111.11
2026-09-02,hortalizas,TOMATE,REDONDO,CTES.,TO,18,1A,MEDIANO,P/I,36000,34000,33000,2000,1888.89,1833.33
2026-09-02,hortalizas,TOMATE,REDONDO,CTES.,TO,18,1A,MEDIANO,R/I,38000,37000,34000,2111.11,2055.56,1888.89
2026-09-02,hortalizas,TOMATE,REDONDO,CTES.,TO,18,2A,MEDIANO,P/I,32000,30000,26000,1777.78,1666.67,1444.44
2026-09-02,hortalizas,TOMATE,REDONDO,SALTA,TO,18,1A,GRANDE,P/I,63000,60000,57000,3500,3333.33,3166.67
2026-09-02,hortalizas,TOMATE,REDONDO,SALTA,TO,18,1A,GRANDE,PIN,38000,35000,34000,2111.11,1944.44,1888.89
2026-09-02,hortalizas,TOMATE,REDONDO,SALTA,TO,18,1A,MEDIANO,P/I,55000,53000,50000,3055.56,2944.44,2777.78
2026-09-02,hortalizas,TOMATE,REDONDO,SALTA,TO,18,1A,MEDIANO,PIN,33000,31000,27000,1833.33,1722.22,1500
2026-09-02,hortalizas,TOMATE,REDONDO,SALTA,TO,18,2A,MEDIANO,PIN,27000,26000,22000,1500,1444.44,1222.22
2026-09-02,hortalizas,TOMATE,Prom.Esp.,,,0,,,,0,35850,0,0,3031.67,0
2026-09-02,hortalizas,TOMILLO,,BS. AS.,BO,1,1A,,,13000,12000,10000,13000,12000,10000
2026-09-02,hortalizas,TOMILLO,Prom.Esp.,,,0,,,,0,12000,0,0,12000,0
2026-09-02,hortalizas,ZANAHORIA,CHANTENAY,MENDOZA,BO,10,1A,MEDIANO,,7500,6500,6000,750,650,600
2026-09-02,hortalizas,ZANAHORIA,CHANTENAY,MENDOZA,BO,18,1A,MEDIANO,,13000,12000,11000,722.22,666.67,611.11
2026-09-02,hortalizas,ZANAHORIA,CHANTENAY,MENDOZA,CA,20,1A,MEDIANO,,21000,20000,19000,1050,1000,950
2026-09-02,hortalizas,ZANAHORIA,CHANTENAY,SANTA FE,BO,10,1A,MEDIANO,,6500,5500,5000,650,550,500
2026-09-02,hortalizas,ZANAHORIA,CHANTENAY,SGO.EST.,BO,18,1A,MEDIANO,,13000,11000,10000,722.22,611.11,555.56
2026-09-02,hortalizas,ZANAHORIA,Prom.Esp.,,,0,,,,0,11000,0,0,695.56,0
2026-09-02,hortalizas,ZAPALLITO,LARGO,SALTA,TO,18,1A,MEDIANO,,32000,30000,26000,1777.78,1666.67,1444.44
2026-09-02,hortalizas,ZAPALLITO,LARGO,SALTA,TO,18,1A,MEDIANO,INV,38000,36000,34000,2111.11,2000,1888.89
2026-09-02,hortalizas,ZAPALLITO,REDONDO,CTES.,TO,18,1A,MEDIANO,INV,37000,35000,32000,2055.56,1944.44,1777.78
2026-09-02,hortalizas,ZAPALLITO,REDONDO,SALTA,PE,18,1A,MEDIANO,INV,43000,38000,37000,2388.89,2111.11,2055.56
2026-09-02,hortalizas,ZAPALLITO,REDONDO,SALTA,TO,18,1A,MEDIANO,,35000,33000,28000,1944.44,1833.33,1555.56
2026-09-02,hortalizas,ZAPALLITO,REDONDO,SALTA,TO,18,2A,MEDIANO,,26000,24000,20000,1444.44,1333.33,1111.11
2026-09-02,hortalizas,ZAPALLITO,Prom.Esp.,,,0,,,,0,32667,0,0,1814.81,0
2026-09-02,hortalizas,ZAPALLO,ANC.COKENA,MENDOZA,BO,15,1A,MEDIANO,,25000,23000,21000,1666.67,1533.33,1400
2026-09-02,hortalizas,ZAPALLO,ANC.COKENA,S.BS.AS.,BO,15,1A,MEDIANO,,23000,22000,20000,1533.33,1466.67,1333.33
2026-09-02,hortalizas,ZAPALLO,ANC.COKENA,SALTA,PE,17,1A,MEDIANO,,29000,28000,27000,1705.88,1647.06,1588.24
2026-09-02,hortalizas,ZAPALLO,ANGOLA,R. NEGRO,GR,0,1A,,,0,0,0,1000,900,800
2026-09-02,hortalizas,ZAPALLO,TETSUKAB.,MENDOZA,BO,18,1A,MEDIANO,,14000,13000,11000,777.78,722.22,611.11
2026-09-02,hortalizas,ZAPALLO,TETSUKAB.,R. NEGRO,BO,18,1A,MEDIANO,,16000,14000,12000,888.89,777.78,666.67
2026-09-02,hortalizas,ZAPALLO,TETSUKAB.,S.BS.AS.,BO,18,1A,MEDIANO,,15000,13000,11000,833.33,722.22,611.11
2026-09-02,hortalizas,ZAPALLO,TETSUKAB.,SALTA,BO,18,1A,MEDIANO,,18000,17000,15000,1000,944.44,833.33
2026-09-02,hortalizas,ZAPALLO,Prom.Esp.,,,0,,,,0,16250,0,0,1089.22,0
2026-09-03,frutas,ANANA,PIÑA,BRASIL,CA,18,EL,010/012,,35000,34000,33000,1944.44,1888.89,1833.33
2026-09-03,frutas,ANANA,PIÑA,ECUADOR,CA,22,EL,012/014,,42000,41000,40000,1909.09,1863.64,1818.18
2026-09-03,frutas,ANANA,Prom.Esp.,,,0,,,,0,37500,0,0,1876.27,0
2026-09-03,frutas,ARANDANO,,E. RIOS,CA,1.5,EL,GRANEL,,28000,26000,25000,18666.7,17333.3,16666.7
2026-09-03,frutas,ARANDANO,,TUCUMAN,CA,1.5,EL,GRANEL,,30000,29000,27000,20000,19333.3,18000
2026-09-03,frutas,ARANDANO,Prom.Esp.,,,0,,,,0,27500,0,0,18333.3,0
2026-09-03,frutas,BANANA,CAVENDISH,BOLIVIA,CA,18,EL,MEDIANO,,33000,31000,30000,1833.33,1722.22,1666.67
2026-09-03,frutas,BANANA,CAVENDISH,ECUADOR,CA,20,EL,GRANDE,,42000,41000,40000,2100,2050,2000
2026-09-03,frutas,BANANA,CAVENDISH,ECUADOR,CA,20,EL,MEDIANO,,38000,37000,36000,1900,1850,1800
2026-09-03,frutas,BANANA,NANIKA,BRASIL,PE,20,EL,MEDIANO,,28000,26000,25000,1400,1300,1250
2026-09-03,frutas,BANANA,NANIKA,PARAGUAY,PE,22,EL,MEDIANO,,22000,20000,19000,1000,909.09,863.64
2026-09-03,frutas,BANANA,NANIKA,SALTA,PE,22,CL,MEDIANO,,20000,19000,17000,909.09,863.64,772.73
2026-09-03,frutas,BANANA,Prom.Esp.,,,0,,,,0,29000,0,0,1449.16,0
2026-09-03,frutas,CIRUELA,FORTUNE,ESPAÑA,CA,9,EL,GRANEL,,56000,54000,52000,6222.22,6000,5777.78
2026-09-03,frutas,CIRUELA,SUNGOLD,ESPAÑA,CA,9,EL,GRANDE,,58000,57000,55000,6444.44,6333.33,6111.11
2026-09-03,frutas,CIRUELA,Prom.Esp.,,,0,,,,0,55500,0,0,6166.67,0
2026-09-03,frutas,COCO,,BRASIL,BO,10,EL,MEDIANO,,25000,24000,22000,2500,2400,2200
2026-09-03,frutas,COCO,Prom.Esp.,,,0,,,,0,24000,0,0,2400,0
2026-09-03,frutas,FRUTILLA,,BS. AS.,BA,5,EL,MEDIANO,,26000,25000,24000,5200,5000,4800
2026-09-03,frutas,FRUTILLA,,CTES.,BA,2,EL,GRANEL,,15000,14000,13000,7500,7000,6500
2026-09-03,frutas,FRUTILLA,,SANTA FE,CA,2,EL,GRANEL,,14000,13000,11000,7000,6500,5500
2026-09-03,frutas,FRUTILLA,,SANTA FE,CA,5,EL,GRANDE,,25000,24000,22000,5000,4800,4400
2026-09-03,frutas,FRUTILLA,,TUCUMAN,CA,2,EL,GRANEL,,17000,16000,15000,8500,8000,7500
2026-09-03,frutas,FRUTILLA,,TUCUMAN,CA,5,EL,GRANEL,,28000,27000,26000,5600,5400,5200
2026-09-03,frutas,FRUTILLA,Prom.Esp.,,,0,,,,0,19833,0,0,6116.67,0
2026-09-03,frutas,KIWI,,BS. AS.,CA,10,EL,CHICO,,22000,21000,20000,2200,2100,2000
2026-09-03,frutas,KIWI,,BS. AS.,CA,10,EL,GRANDE,,62000,60000,58000,6200,6000,5800
2026-09-03,frutas,KIWI,,BS. AS.,CA,10,EL,MEDIANO,,42000,40000,38000,4200,4000,3800
2026-09-03,frutas,KIWI,,CHILE,CA,10,EL,MEDIANO,,50000,48000,45000,5000,4800,4500
2026-09-03,frutas,KIWI,Prom.Esp.,,,0,,,,0,42250,0,0,4225,0
2026-09-03,frutas,KUMQUAT,,E. RIOS,BO,1,EL,GRANEL,,3000,2700,2500,3000,2700,2500
2026-09-03,frutas,KUMQUAT,Prom.Esp.,,,0,,,,0,2700,0,0,2700,0
2026-09-03,frutas,LIMA,,E. RIOS,PE,17,EL,GRANEL,,22000,21000,20000,1294.12,1235.29,1176.47
2026-09-03,frutas,LIMA,TAHITI,BRASIL,BA,10,EL,MEDIANO,,28000,27000,25000,2800,2700,2500
2026-09-03,frutas,LIMA,Prom.Esp.,,,0,,,,0,24000,0,0,1967.65,0
2026-09-03,frutas,LIMON,EUREKA,CTES.,TO,18,EL,125/138,,14000,13000,12000,777.78,722.22,666.67
2026-09-03,frutas,LIMON,EUREKA,JUJUY,CA,17,EL,090/120,,15000,14000,12000,882.35,823.53,705.88
2026-09-03,frutas,LIMON,EUREKA,SALTA,CA,17,EL,090/120,,14000,13000,12000,823.53,764.71,705.88
2026-09-03,frutas,LIMON,EUREKA,TUCUMAN,BO,14,CL,GRANEL,,10000,8000,7000,714.29,571.43,500
2026-09-03,frutas,LIMON,EUREKA,TUCUMAN,CA,18,EL,090/100,,13000,12000,11000,722.22,666.67,611.11
2026-09-03,frutas,LIMON,EUREKA,TUCUMAN,CA,18,EL,125/138,,12000,11000,10000,666.67,611.11,555.56
2026-09-03,frutas,LIMON,GENOVA,E. RIOS,PE,18,EL,100/140,,12000,10000,9000,666.67,555.56,500
2026-09-03,frutas,LIMON,Prom.Esp.,,,0,,,,0,11571,0,0,673.6,0
2026-09-03,frutas,MANDARINA,ELLENDALE,E. RIOS,PE,18,EL,GRANDE,,15000,13000,12000,833.33,722.22,666.67
2026-09-03,frutas,MANDARINA,ELLENDALE,E. RIOS,PE,18,EL,MEDIANO,,12000,11000,10000,666.67,611.11,555.56
2026-09-03,frutas,MANDARINA,ENCORE,E. RIOS,JA,18,EL,MEDIANO,,13000,11000,10000,722.22,611.11,555.56
2026-09-03,frutas,MANDARINA,ENCORE,E. RIOS,TO,18,EL,GRANDE,,17000,16000,14000,944.44,888.89,777.78
2026-09-03,frutas,MANDARINA,MALVASIO,E. RIOS,PE,18,EL,MEDIANO,,13000,12000,11000,722.22,666.67,611.11
2026-09-03,frutas,MANDARINA,MURCOT,E. RIOS,PE,18,EL,GRANDE,,16000,15000,14000,888.89,833.33,777.78
2026-09-03,frutas,MANDARINA,MURCOT,E. RIOS,PE,18,EL,MEDIANO,,13000,12000,11000,722.22,666.67,611.11
2026-09-03,frutas,MANDARINA,NOVA,CTES.,PE,18,EL,MEDIANO,,9000,8000,7000,500,444.44,388.89
2026-09-03,frutas,MANDARINA,NOVA,E. RIOS,PE,18,EL,MEDIANO,,10000,9000,8000,555.56,500,444.44
2026-09-03,frutas,MANDARINA,Prom.Esp.,,,0,,,,0,11889,0,0,660.49,0
2026-09-03,frutas,MANGO,,BRASIL,CA,4,EL,MEDIANO,,15000,14000,12000,3750,3500,3000
2026-09-03,frutas,MANGO,,BRASIL,CA,18,EL,GRANDE,,42000,38000,36000,2333.33,2111.11,2000
2026-09-03,frutas,MANGO,Prom.Esp.,,,0,,,,0,26000,0,0,2805.56,0
2026-09-03,frutas,MANZANA,CRIPPS PIN,R. NEGRO,CA,18,EL,100/125,,40000,37000,35000,2222.22,2055.56,1944.44
2026-09-03,frutas,MANZANA,CRIPPS PIN,R. NEGRO,CA,18,EL,125/138,,35000,34000,32000,1944.44,1888.89,1777.78
2026-09-03,frutas,MANZANA,GRANNY SMI,CHILE,CA,18,EL,070/080,,65000,64000,62000,3611.11,3555.56,3444.44
2026-09-03,frutas,MANZANA,GRANNY SMI,R. NEGRO,CA,10,EL,036/044,,34000,32000,30000,3400,3200,3000
2026-09-03,frutas,MANZANA,GRANNY SMI,R. NEGRO,CA,18,EL,080/100,,55000,53000,50000,3055.56,2944.44,2777.78
2026-09-03,frutas,MANZANA,GRANNY SMI,R. NEGRO,CA,18,EL,110/130,,38000,37000,36000,2111.11,2055.56,2000
2026-09-03,frutas,MANZANA,GRANNY SMI,R. NEGRO,JA,18,CL,088/113,,33000,32000,30000,1833.33,1777.78,1666.67
2026-09-03,frutas,MANZANA,GRANNY SMI,R. NEGRO,JA,18,CL,125/138,,31000,29000,28000,1722.22,1611.11,1555.56
2026-09-03,frutas,MANZANA,GRANNY SMI,R. NEGRO,JA,18,EL,100/125,,37000,36000,35000,2055.56,2000,1944.44
2026-09-03,frutas,MANZANA,RED DELICI,CHILE,CA,18,EL,080/100,,68000,65000,64000,3777.78,3611.11,3555.56
2026-09-03,frutas,MANZANA,RED DELICI,R. NEGRO,CA,10,EL,044/056,,33000,32000,30000,3300,3200,3000
2026-09-03,frutas,MANZANA,RED DELICI,R. NEGRO,CA,18,CL,080/100,,31000,29000,27000,1722.22,1611.11,1500
2026-09-03,frutas,MANZANA,RED DELICI,R. NEGRO,CA,18,EL,080/100,,40000,37000,35000,2222.22,2055.56,1944.44
2026-09-03,frutas,MANZANA,RED DELICI,R. NEGRO,CA,18,EL,088/113,,54000,50000,45000,3000,2777.78,2500
2026-09-03,frutas,MANZANA,RED DELICI,R. NEGRO,CA,18,EL,113/125,,44000,40000,38000,2444.44,2222.22,2111.11
2026-09-03,frutas,MANZANA,RED DELICI,R. NEGRO,CA,18,EL,125/138,,40000,38000,35000,2222.22,2111.11,1944.44
2026-09-03,frutas,MANZANA,RED DELICI,R. NEGRO,CA,18,SP,088/113,,58000,55000,52000,3222.22,3055.56,2888.89
2026-09-03,frutas,MANZANA,RED DELICI,R. NEGRO,JA,18,CL,072/080,,32000,30000,28000,1777.78,1666.67,1555.56
2026-09-03,frutas,MANZANA,RED DELICI,R. NEGRO,JA,18,CL,100/125,,30000,28000,26000,1666.67,1555.56,1444.44
2026-09-03,frutas,MANZANA,RED DELICI,R. NEGRO,JA,18,EL,113/125,,35000,32000,30000,1944.44,1777.78,1666.67
2026-09-03,frutas,MANZANA,ROME BEAUT,R. NEGRO,CA,18,EL,072/080,,42000,40000,37000,2333.33,2222.22,2055.56
2026-09-03,frutas,MANZANA,Prom.Esp.,,,0,,,,0,39524,0,0,2331.22,0
2026-09-03,frutas,MELON,AMARILLO,BRASIL,CA,12,EL,MEDIANO,,36000,34000,32000,3000,2833.33,2666.67
2026-09-03,frutas,MELON,ORANGE,BRASIL,CA,10,EL,MEDIANO,,35000,34000,33000,3500,3400,3300
2026-09-03,frutas,MELON,Prom.Esp.,,,0,,,,0,34000,0,0,3116.67,0
2026-09-03,frutas,MEMBRILLO,,R. NEGRO,CA,10,EL,MEDIANO,,27000,25000,24000,2700,2500,2400
2026-09-03,frutas,MEMBRILLO,Prom.Esp.,,,0,,,,0,25000,0,0,2500,0
2026-09-03,frutas,NARANJA,NEW HALL,E. RIOS,PE,18,EL,090/110,,17000,16000,15000,944.44,888.89,833.33
2026-09-03,frutas,NARANJA,SALUSTIANA,CTES.,PE,18,EL,110/130,,11000,10000,9000,611.11,555.56,500
2026-09-03,frutas,NARANJA,SALUSTIANA,E. RIOS,PE,18,EL,090/110,,15000,13000,12000,833.33,722.22,666.67
2026-09-03,frutas,NARANJA,SALUSTIANA,E. RIOS,PE,18,EL,110/130,,12000,11000,10000,666.67,611.11,555.56
2026-09-03,frutas,NARANJA,SALUSTIANA,SALTA,PE,18,EL,110/130,,15000,13000,12000,833.33,722.22,666.67
2026-09-03,frutas,NARANJA,W.NAVEL,BS. AS.,JA,17,EL,050/065,,18000,17000,15000,1058.82,1000,882.35
2026-09-03,frutas,NARANJA,Prom.Esp.,,,0,,,,0,13333,0,0,750,0
2026-09-03,frutas,NUEZ,,MENDOZA,BO,5,EL,GRANEL,,40000,39000,37000,8000,7800,7400
2026-09-03,frutas,NUEZ,Prom.Esp.,,,0,,,,0,39000,0,0,7800,0
2026-09-03,frutas,PALTA,HASS,BRASIL,CA,11,EL,GRANDE,,60000,58000,55000,5454.55,5272.73,5000
2026-09-03,frutas,PALTA,HASS,BRASIL,CA,11,EL,MEDIANO,,50000,47000,45000,4545.45,4272.73,4090.91
2026-09-03,frutas,PALTA,HASS,CHILE,CA,10,EL,GRANDE,,90000,85000,82000,9000,8500,8200
2026-09-03,frutas,PALTA,HASS,CHILE,CA,11,EL,MEDIANO,,80000,78000,75000,7272.73,7090.91,6818.18
2026-09-03,frutas,PALTA,HASS,CTES.,CA,10,EL,MEDIANO,,40000,38000,35000,4000,3800,3500
2026-09-03,frutas,PALTA,HASS,JUJUY,CA,10,EL,MEDIANO,,45000,42000,40000,4500,4200,4000
2026-09-03,frutas,PALTA,HASS,PERU,BA,11,EL,GRANDE,,58000,55000,50000,5272.73,5000,4545.45
2026-09-03,frutas,PALTA,HASS,PERU,BA,11,EL,MEDIANO,,48000,46000,45000,4363.64,4181.82,4090.91
2026-09-03,frutas,PALTA,HASS,TUCUMAN,BA,10,EL,MEDIANO,,44000,42000,40000,4400,4200,4000
2026-09-03,frutas,PALTA,TORRES,TUCUMAN,BA,10,EL,MEDIANO,,30000,29000,28000,3000,2900,2800
2026-09-03,frutas,PALTA,Prom.Esp.,,,0,,,,0,52000,0,0,4941.82,0
2026-09-03,frutas,PELON,,ESPAÑA,CA,4,EL,GRANDE,,30000,28000,25000,7500,7000,6250
2026-09-03,frutas,PELON,Prom.Esp.,,,0,,,,0,28000,0,0,7000,0
2026-09-03,frutas,PERA,ASIATICA,CHINA,CA,5,EL,GRANEL,,38000,36000,35000,7600,7200,7000
2026-09-03,frutas,PERA,ASIATICA,R. NEGRO,CA,10,EL,MEDIANO,,38000,36000,34000,3800,3600,3400
2026-09-03,frutas,PERA,BEUR.BOSC,R. NEGRO,JA,18,EL,090/100,,24000,22000,19000,1333.33,1222.22,1055.56
2026-09-03,frutas,PERA,PACKHAM'S,R. NEGRO,CA,10,EL,030/040,,24000,22000,20000,2400,2200,2000
2026-09-03,frutas,PERA,PACKHAM'S,R. NEGRO,CA,18,EL,070/090,,42000,38000,35000,2333.33,2111.11,1944.44
2026-09-03,frutas,PERA,PACKHAM'S,R. NEGRO,CA,18,EL,100/120,,34000,32000,28000,1888.89,1777.78,1555.56
2026-09-03,frutas,PERA,PACKHAM'S,R. NEGRO,JA,18,EL,080/120,,30000,28000,25000,1666.67,1555.56,1388.89
2026-09-03,frutas,PERA,PACKHAM'S,R. NEGRO,PE,18,CL,100/120,,24000,23000,22000,1333.33,1277.78,1222.22
2026-09-03,frutas,PERA,Prom.Esp.,,,0,,,,0,29625,0,0,2618.06,0
2026-09-03,frutas,PITAHAYA,,ECUADOR,CA,3,EL,GRANDE,,65000,60000,55000,21666.7,20000,18333.3
2026-09-03,frutas,PITAHAYA,Prom.Esp.,,,0,,,,0,60000,0,0,20000,0
2026-09-03,frutas,PLATANO,,ECUADOR,CA,22,EL,GRANDE,,70000,68000,65000,3181.82,3090.91,2954.55
2026-09-03,frutas,PLATANO,Prom.Esp.,,,0,,,,0,68000,0,0,3090.91,0
2026-09-03,frutas,POMELO,BLANCO,E. RIOS,CA,18,EL,050/070,,11000,10000,9000,611.11,555.56,500
2026-09-03,frutas,POMELO,STAR RUBY,E. RIOS,PE,18,EL,050/070,,15000,14000,12000,833.33,777.78,666.67
2026-09-03,frutas,POMELO,STAR RUBY,SALTA,PE,18,EL,070/090,,20000,18000,16000,1111.11,1000,888.89
2026-09-03,frutas,POMELO,Prom.Esp.,,,0,,,,0,14000,0,0,777.78,0
2026-09-03,frutas,SANDIA,,BRASIL,CA,16,EL,004/006,,32000,29000,28000,2000,1812.5,1750
2026-09-03,frutas,SANDIA,,BRASIL,GR,0,CL,GRANEL,,0,0,0,1800,1600,1500
2026-09-03,frutas,SANDIA,Prom.Esp.,,,0,,,,0,14500,0,0,1706.25,0
2026-09-03,frutas,UVA,ARRA 15,BRASIL,CA,8,EL,GRANEL,,65000,64000,60000,8125,8000,7500
2026-09-03,frutas,UVA,AUTUMN CRI,BRASIL,CA,8,EL,GRANDE,,55000,52000,48000,6875,6500,6000
2026-09-03,frutas,UVA,NUBIA,BRASIL,CA,8,EL,GRANEL,,52000,48000,46000,6500,6000,5750
2026-09-03,frutas,UVA,RED GLOBE,BRASIL,CA,8,EL,GRANDE,,62000,61000,60000,7750,7625,7500
2026-09-03,frutas,UVA,RED GLOBE,CHILE,CA,8,EL,GRANEL,,65000,63000,61000,8125,7875,7625
2026-09-03,frutas,UVA,SUGAR CRIP,BRASIL,CA,8,EL,GRANEL,,60000,59000,57000,7500,7375,7125
2026-09-03,frutas,UVA,Prom.Esp.,,,0,,,,0,57833,0,0,7229.17,0
2026-09-03,hortalizas,ACELGA,,BS. AS.,JA,10,1A,,INV,7000,6000,5000,700,600,500
2026-09-03,hortalizas,ACELGA,,BS. AS.,JA,10,1A,SIN TAM,,5000,4000,3500,500,400,350
2026-09-03,hortalizas,ACELGA,,BS. AS.,JA,10,2A,SIN TAM,,3500,3300,3000,350,330,300
2026-09-03,hortalizas,ACELGA,Prom.Esp.,,,0,,,,0,4433.3,0,0,443.33,0
2026-09-03,hortalizas,ACHICORIA,,BS. AS.,JA,10,1A,,,10000,9000,8000,1000,900,800
2026-09-03,hortalizas,ACHICORIA,Prom.Esp.,,,0,,,,0,9000,0,0,900,0
2026-09-03,hortalizas,ACUSAY,,BS. AS.,JA,10,1A,GRANDE,,9000,8000,7000,900,800,700
2026-09-03,hortalizas,ACUSAY,,BS. AS.,JA,10,1A,MEDIANO,,7000,6500,6000,700,650,600
2026-09-03,hortalizas,ACUSAY,Prom.Esp.,,,0,,,,0,7250,0,0,725,0
2026-09-03,hortalizas,AJO,COLORADO,BRASIL,CA,10,1A,6,,58000,57000,56000,5800,5700,5600
2026-09-03,hortalizas,AJO,COLORADO,BRASIL,CA,10,1A,7,,69000,68000,65000,6900,6800,6500
2026-09-03,hortalizas,AJO,COLORADO,MENDOZA,CA,5,1A,6,,38000,36000,34000,7600,7200,6800
2026-09-03,hortalizas,AJO,COLORADO,MENDOZA,CA,5,1A,8,,50000,47000,45000,10000,9400,9000
2026-09-03,hortalizas,AJO,COLORADO,MENDOZA,RT,4,1A,4,,7000,5000,4000,1750,1250,1000
2026-09-03,hortalizas,AJO,COLORADO,MENDOZA,RT,5,1A,5,,11000,9000,8000,2200,1800,1600
2026-09-03,hortalizas,AJO,COLORADO,MENDOZA,RT,7,1A,7,,17000,15000,13000,2428.57,2142.86,1857.14
2026-09-03,hortalizas,AJO,COLORADO,MENDOZA,RT,8,1A,8,,26000,23000,20000,3250,2875,2500
2026-09-03,hortalizas,AJO,COLORADO,MENDOZA,RT,9,1A,9,,35000,32000,25000,3888.89,3555.56,2777.78
2026-09-03,hortalizas,AJO,COLORADO,MENDOZA,RT,10,1A,10,,55000,50000,48000,5500,5000,4800
2026-09-03,hortalizas,AJO,COLORADO,MENDOZA,RT,11,1A,11,,74000,62000,60000,6727.27,5636.36,5454.55
2026-09-03,hortalizas,AJO,COLORADO,MENDOZA,RT,12,1A,12,,80000,76000,75000,6666.67,6333.33,6250
2026-09-03,hortalizas,AJO,MDO. CHINO,MENDOZA,CA,5,1A,10,,30000,28000,25000,6000,5600,5000
2026-09-03,hortalizas,AJO,MDO. CHINO,MENDOZA,CA,5,1A,12,,36000,33000,32000,7200,6600,6400
2026-09-03,hortalizas,AJO,MDO. CHINO,MENDOZA,CA,5,1A,7,,20000,18000,15000,4000,3600,3000
2026-09-03,hortalizas,AJO,Prom.Esp.,,,0,,,,0,37267,0,0,4899.54,0
2026-09-03,hortalizas,ALBAHACA,,BS. AS.,AT,0,1A,,INV,0,0,0,700,650,600
2026-09-03,hortalizas,ALBAHACA,,CTES.,AT,0,1A,,INV,0,0,0,700,600,550
2026-09-03,hortalizas,ALBAHACA,Prom.Esp.,,,0,,,,0,0,0,0,625,0
2026-09-03,hortalizas,ALCAUCIL,VIOLETA,BS. AS.,TO,6,1A,MEDIANO,,25000,23000,22000,4166.67,3833.33,3666.67
2026-09-03,hortalizas,ALCAUCIL,Ñ. FRANCES,BS. AS.,TO,6,1A,MEDIANO,,23000,21000,19000,3833.33,3500,3166.67
2026-09-03,hortalizas,ALCAUCIL,Prom.Esp.,,,0,,,,0,22000,0,0,3666.67,0
2026-09-03,hortalizas,APIO,,BS. AS.,TO,6,1A,MEDIANO,INV,8000,7000,6000,1333.33,1166.67,1000
2026-09-03,hortalizas,APIO,,BS. AS.,TO,8,1A,GRANDE,INV,12000,10000,9000,1500,1250,1125
2026-09-03,hortalizas,APIO,Prom.Esp.,,,0,,,,0,8500,0,0,1208.34,0
2026-09-03,hortalizas,BATATA,ARAPEY,BRASIL,BO,20,1A,MEDIANO,,29000,28000,26000,1450,1400,1300
2026-09-03,hortalizas,BATATA,ARAPEY,CORDOBA,BO,13,1A,MEDIANO,,15000,13500,12000,1153.85,1038.46,923.08
2026-09-03,hortalizas,BATATA,BEAUREGARD,S. PEDRO,BO,11,1A,MEDIANO,,22000,21000,19000,2000,1909.09,1727.27
2026-09-03,hortalizas,BATATA,Prom.Esp.,,,0,,,,0,20833,0,0,1449.18,0
2026-09-03,hortalizas,BERENJENA,VTA.MED.LA,SALTA,PE,12,1A,MEDIANO,INV,19000,18000,16000,1583.33,1500,1333.33
2026-09-03,hortalizas,BERENJENA,VTA.MED.LA,SALTA,TO,12,1A,MEDIANO,,16000,14000,13000,1333.33,1166.67,1083.33
2026-09-03,hortalizas,BERENJENA,Prom.Esp.,,,0,,,,0,16000,0,0,1333.34,0
2026-09-03,hortalizas,BERRO,,BS. AS.,AT,1,1A,SIN TAM,,3000,2600,2000,3000,2600,2000
2026-09-03,hortalizas,BERRO,Prom.Esp.,,,0,,,,0,2600,0,0,2600,0
2026-09-03,hortalizas,BROCOLI,,BS. AS.,JA,8,1A,MEDIANO,,14000,13000,11000,1750,1625,1375
2026-09-03,hortalizas,BROCOLI,,BS. AS.,JA,8,1A,MEDIANO,INV,17000,15000,14000,2125,1875,1750
2026-09-03,hortalizas,BROCOLI,,MENDOZA,PE,8,,MEDIANO,,18000,17000,16000,2250,2125,2000
2026-09-03,hortalizas,BROCOLI,Prom.Esp.,,,0,,,,0,15000,0,0,1875,0
2026-09-03,hortalizas,BROTE ALFA,,BS. AS.,BO,1,1A,MEDIANO,,11000,9000,8000,11000,9000,8000
2026-09-03,hortalizas,BROTE ALFA,Prom.Esp.,,,0,,,,0,9000,0,0,9000,0
2026-09-03,hortalizas,BROTE SOJA,,BS. AS.,BO,1,1A,,,8000,7000,6000,8000,7000,6000
2026-09-03,hortalizas,BROTE SOJA,Prom.Esp.,,,0,,,,0,7000,0,0,7000,0
2026-09-03,hortalizas,CARDO,,BS. AS.,AT,4,1A,MEDIANO,,7000,6000,5000,1750,1500,1250
2026-09-03,hortalizas,CARDO,Prom.Esp.,,,0,,,,0,6000,0,0,1500,0
2026-09-03,hortalizas,CEB.VERDEO,COLORADA,BS. AS.,AT,1,1A,MEDIANO,,2500,2300,1800,2500,2300,1800
2026-09-03,hortalizas,CEB.VERDEO,COLORADA,BS. AS.,JA,10,1A,MEDIANO,,23000,21000,18000,2300,2100,1800
2026-09-03,hortalizas,CEB.VERDEO,COLORADA,SGO.EST.,AT,1,1A,MEDIANO,,2200,1900,1800,2200,1900,1800
2026-09-03,hortalizas,CEB.VERDEO,Prom.Esp.,,,0,,,,0,8400,0,0,2100,0
2026-09-03,hortalizas,CEBOLLA,COLORADA,BRASIL,BO,20,1A,MEDIANO,,40000,39000,37000,2000,1950,1850
2026-09-03,hortalizas,CEBOLLA,COLORADA,S.BS.AS.,BO,20,1A,MEDIANO,,35000,30000,28000,1750,1500,1400
2026-09-03,hortalizas,CEBOLLA,COLORADA,S.BS.AS.,BO,20,2A,MEDIANO,,25000,22000,18000,1250,1100,900
2026-09-03,hortalizas,CEBOLLA,OPTIMA,BRASIL,BO,20,1A,MEDIANO,,33000,31000,29000,1650,1550,1450
2026-09-03,hortalizas,CEBOLLA,VALENCIANA,R. NEGRO,BO,20,1A,MEDIANO,,24000,21000,20000,1200,1050,1000
2026-09-03,hortalizas,CEBOLLA,VALENCIANA,S.BS.AS.,BO,20,1A,MEDIANO,,23000,20000,19000,1150,1000,950
2026-09-03,hortalizas,CEBOLLA,VALENCIANA,S.BS.AS.,BO,20,2A,MEDIANO,,17000,15000,13000,850,750,650
2026-09-03,hortalizas,CEBOLLA,Prom.Esp.,,,0,,,,0,25429,0,0,1271.43,0
2026-09-03,hortalizas,CHAUCHA,ESMERALDA,CTES.,TO,10,1A,MEDIANO,INV,20000,18000,17000,2000,1800,1700
2026-09-03,hortalizas,CHAUCHA,ESMERALDA,SALTA,PE,10,1A,MEDIANO,INV,21000,20000,18000,2100,2000,1800
2026-09-03,hortalizas,CHAUCHA,ROLLIZA,SALTA,PE,12,1A,MEDIANO,INV,21000,17000,15000,1750,1416.67,1250
2026-09-03,hortalizas,CHAUCHA,ROLLIZA,SALTA,TO,12,1A,MEDIANO,,15000,12000,11000,1250,1000,916.67
2026-09-03,hortalizas,CHAUCHA,Prom.Esp.,,,0,,,,0,16750,0,0,1554.17,0
2026-09-03,hortalizas,CHOCLO,AMARILLO,SALTA,PE,15,1A,MEDIANO,PRE,47000,46000,44000,3133.33,3066.67,2933.33
2026-09-03,hortalizas,CHOCLO,AMARILLO,SALTA,PE,15,2A,MEDIANO,PRE,41000,39000,37000,2733.33,2600,2466.67
2026-09-03,hortalizas,CHOCLO,Prom.Esp.,,,0,,,,0,42500,0,0,2833.34,0
2026-09-03,hortalizas,CIBOULLE,,BS. AS.,AT,1,1A,MEDIANO,,11000,10000,9000,11000,10000,9000
2026-09-03,hortalizas,CIBOULLE,Prom.Esp.,,,0,,,,0,10000,0,0,10000,0
2026-09-03,hortalizas,CILANDRO,,BS. AS.,AT,1,1A,MEDIANO,,12000,11000,10000,12000,11000,10000
2026-09-03,hortalizas,CILANDRO,Prom.Esp.,,,0,,,,0,11000,0,0,11000,0
2026-09-03,hortalizas,COLIFLOR,,BS. AS.,JA,15,1A,MEDIANO,,18000,16000,15000,1200,1066.67,1000
2026-09-03,hortalizas,COLIFLOR,,MENDOZA,PE,15,1A,MEDIANO,,21000,19000,17000,1400,1266.67,1133.33
2026-09-03,hortalizas,COLIFLOR,Prom.Esp.,,,0,,,,0,17500,0,0,1166.67,0
2026-09-03,hortalizas,CURCUMA,SIN VARIED,BRASIL,CA,1,1A,MEDIANO,,5000,4000,3000,5000,4000,3000
2026-09-03,hortalizas,CURCUMA,Prom.Esp.,,,0,,,,0,4000,0,0,4000,0
2026-09-03,hortalizas,ECHALOTE,,MENDOZA,CA,1,1A,,,11000,10000,9000,11000,10000,9000
2026-09-03,hortalizas,ECHALOTE,Prom.Esp.,,,0,,,,0,10000,0,0,10000,0
2026-09-03,hortalizas,ENDIBIA,,BS. AS.,BA,1,1A,MEDIANO,,22000,21000,19000,22000,21000,19000
2026-09-03,hortalizas,ENDIBIA,Prom.Esp.,,,0,,,,0,21000,0,0,21000,0
2026-09-03,hortalizas,ESCAROLA,HOJA ANCHA,BS. AS.,TT,5,1A,,,7000,6500,5000,1400,1300,1000
2026-09-03,hortalizas,ESCAROLA,HOJA FINA,BS. AS.,TT,5,1A,,,8000,7000,6000,1600,1400,1200
2026-09-03,hortalizas,ESCAROLA,Prom.Esp.,,,0,,,,0,6750,0,0,1350,0
2026-09-03,hortalizas,ESPARRAGO,VERDE,SAN JUAN,AT,0.5,1A,CHICO,,3000,2500,2000,6000,5000,4000
2026-09-03,hortalizas,ESPARRAGO,VERDE,SAN JUAN,AT,0.5,1A,MEDIANO,,4500,3500,3000,9000,7000,6000
2026-09-03,hortalizas,ESPARRAGO,Prom.Esp.,,,0,,,,0,3000,0,0,6000,0
2026-09-03,hortalizas,ESPINACA,,BS. AS.,JA,5,1A,,,4000,3500,3000,800,700,600
2026-09-03,hortalizas,ESPINACA,,BS. AS.,JA,5,1A,,INV,7000,5500,5000,1400,1100,1000
2026-09-03,hortalizas,ESPINACA,Prom.Esp.,,,0,,,,0,4500,0,0,900,0
2026-09-03,hortalizas,HABA,,JUJUY,BO,10,1A,MEDIANO,,21000,19000,18000,2100,1900,1800
2026-09-03,hortalizas,HABA,Prom.Esp.,,,0,,,,0,19000,0,0,1900,0
2026-09-03,hortalizas,HINOJO,,BS. AS.,JA,15,1A,MEDIANO,,18000,17000,16000,1200,1133.33,1066.67
2026-09-03,hortalizas,HINOJO,Prom.Esp.,,,0,,,,0,17000,0,0,1133.33,0
2026-09-03,hortalizas,HONGOS,AGARICUS,BS. AS.,BO,1,1A,,,20000,19500,19000,20000,19500,19000
2026-09-03,hortalizas,HONGOS,OYSTER,BS. AS.,BA,1,1A,,,22000,21000,19000,22000,21000,19000
2026-09-03,hortalizas,HONGOS,PORTOBELO,BS. AS.,BO,1,1A,,,23000,21000,19000,23000,21000,19000
2026-09-03,hortalizas,HONGOS,SHIITAKE,BS. AS.,BA,1,1A,,,24000,22000,21000,24000,22000,21000
2026-09-03,hortalizas,HONGOS,Prom.Esp.,,,0,,,,0,20875,0,0,20875,0
2026-09-03,hortalizas,JENGIBRE,,BRASIL,BO,1,1A,MEDIANO,,4000,3700,3000,4000,3700,3000
2026-09-03,hortalizas,JENGIBRE,,MISIONES,BO,1,1A,MEDIANO,,4000,3600,3000,4000,3600,3000
2026-09-03,hortalizas,JENGIBRE,Prom.Esp.,,,0,,,,0,3650,0,0,3650,0
2026-09-03,hortalizas,KALE,CRESPO,BS. AS.,AT,1,1A,SIN TAM,VER,1300,1200,1000,1300,1200,1000
2026-09-03,hortalizas,KALE,MORADO,BS. AS.,AT,1,1A,SIN TAM,,1400,1300,1100,1400,1300,1100
2026-09-03,hortalizas,KALE,Prom.Esp.,,,0,,,,0,1250,0,0,1250,0
2026-09-03,hortalizas,LECHUGA,CAPUCHINA,BS. AS.,JA,12,1A,MEDIANO,,11000,9500,8000,916.67,791.67,666.67
2026-09-03,hortalizas,LECHUGA,CAPUCHINA,MENDOZA,PE,15,1A,MEDIANO,,15000,13000,12000,1000,866.67,800
2026-09-03,hortalizas,LECHUGA,CAPUCHINA,SANTA FE,JA,12,1A,MEDIANO,,11000,9000,8000,916.67,750,666.67
2026-09-03,hortalizas,LECHUGA,CAPUCHINA,SGO.EST.,PE,15,1A,MEDIANO,,13000,12000,10000,866.67,800,666.67
2026-09-03,hortalizas,LECHUGA,CRIOLLA,BS. AS.,JA,8,1A,GRANDE,INV,8000,7000,6000,1000,875,750
2026-09-03,hortalizas,LECHUGA,CRIOLLA,BS. AS.,JA,8,1A,MEDIANO,INV,6000,5500,400,750,687.5,50
2026-09-03,hortalizas,LECHUGA,CRIOLLA,SANTA FE,JA,12,1A,MEDIANO,,10000,8500,8000,833.33,708.33,666.67
2026-09-03,hortalizas,LECHUGA,FRANCESA,BS. AS.,JA,8,1A,MEDIANO,,7000,6500,5000,875,812.5,625
2026-09-03,hortalizas,LECHUGA,MANTECOSA,BS. AS.,JA,5,1A,GRANDE,INV,9000,7500,7000,1800,1500,1400
2026-09-03,hortalizas,LECHUGA,MANTECOSA,BS. AS.,JA,5,1A,MEDIANO,INV,7000,6500,5000,1400,1300,1000
2026-09-03,hortalizas,LECHUGA,Prom.Esp.,,,0,,,,0,8500,0,0,909.17,0
2026-09-03,hortalizas,MANDIOCA,,MISIONES,BO,40,1A,GRANDE,,28000,27000,25000,700,675,625
2026-09-03,hortalizas,MANDIOCA,Prom.Esp.,,,0,,,,0,27000,0,0,675,0
2026-09-03,hortalizas,MENTA,,BS. AS.,AT,1,1A,MEDIANO,,10000,9500,8000,10000,9500,8000
2026-09-03,hortalizas,MENTA,Prom.Esp.,,,0,,,,0,9500,0,0,9500,0
2026-09-03,hortalizas,NABO,BLANCO,BS. AS.,AT,3,1A,MEDIANO,,5000,4000,3000,1666.67,1333.33,1000
2026-09-03,hortalizas,NABO,Prom.Esp.,,,0,,,,0,4000,0,0,1333.33,0
2026-09-03,hortalizas,OREGANO,,BS. AS.,BO,1,1A,,,10000,9500,9000,10000,9500,9000
2026-09-03,hortalizas,OREGANO,Prom.Esp.,,,0,,,,0,9500,0,0,9500,0
2026-09-03,hortalizas,PACK CHOY,,BS. AS.,BA,3,1A,,,9000,8500,7000,3000,2833.33,2333.33
2026-09-03,hortalizas,PACK CHOY,Prom.Esp.,,,0,,,,0,8500,0,0,2833.33,0
2026-09-03,hortalizas,PAPA,AGATA,BRASIL,BO,25,1A,MEDIANO,LAV,33000,31000,30000,1320,1240,1200
2026-09-03,hortalizas,PAPA,SPUNTA,CORDOBA,BO,18,2A,MEDIANO,,20000,19000,18000,1111.11,1055.56,1000
2026-09-03,hortalizas,PAPA,SPUNTA,SE BS.AS,BO,18,2A,MEDIANO,,16000,15000,14000,888.89,833.33,777.78
2026-09-03,hortalizas,PAPA,SPUNTA,SE BS.AS,BO,18,2A,MEDIANO,CEP,19000,18000,17000,1055.56,1000,944.44
2026-09-03,hortalizas,PAPA,SPUNTA,V.DOLOR.,BO,18,2A,MEDIANO,,19000,18500,17000,1055.56,1027.78,944.44
2026-09-03,hortalizas,PAPA,Prom.Esp.,,,0,,,,0,20300,0,0,1031.33,0
2026-09-03,hortalizas,PEPINO,,CTES.,TO,18,1A,MEDIANO,INV,25000,23000,20000,1388.89,1277.78,1111.11
2026-09-03,hortalizas,PEPINO,,SALTA,TO,18,1A,MEDIANO,,22000,20000,18000,1222.22,1111.11,1000
2026-09-03,hortalizas,PEPINO,,SALTA,TO,18,1A,MEDIANO,INV,28000,26000,25000,1555.56,1444.44,1388.89
2026-09-03,hortalizas,PEPINO,Prom.Esp.,,,0,,,,0,23000,0,0,1277.78,0
2026-09-03,hortalizas,PEREJIL,,BS. AS.,JA,10,1A,GRANDE,,15000,12000,10000,1500,1200,1000
2026-09-03,hortalizas,PEREJIL,,BS. AS.,JA,10,1A,MEDIANO,,11000,9500,8000,1100,950,800
2026-09-03,hortalizas,PEREJIL,,SGO.EST.,PE,10,1A,MEDIANO,,10000,9000,8000,1000,900,800
2026-09-03,hortalizas,PEREJIL,Prom.Esp.,,,0,,,,0,10167,0,0,1016.67,0
2026-09-03,hortalizas,PIMIENTO,JALAPEÑO,CTES.,PE,5,1A,MEDIANO,ROJ,18000,16000,15000,3600,3200,3000
2026-09-03,hortalizas,PIMIENTO,JALAPEÑO,SALTA,BA,4,1A,GRANDE,VER,14000,13000,11000,3500,3250,2750
2026-09-03,hortalizas,PIMIENTO,JALAPEÑO,SALTA,BA,4,1A,MEDIANO,ROJ,17000,16000,15000,4250,4000,3750
2026-09-03,hortalizas,PIMIENTO,MORRON,CTES.,TO,8,1A,GRANDE,R/I,24000,22000,20000,3000,2750,2500
2026-09-03,hortalizas,PIMIENTO,MORRON,CTES.,TO,8,1A,GRANDE,V/I,16000,15000,14000,2000,1875,1750
2026-09-03,hortalizas,PIMIENTO,MORRON,CTES.,TO,8,1A,MEDIANO,R/I,19000,17000,15000,2375,2125,1875
2026-09-03,hortalizas,PIMIENTO,MORRON,CTES.,TO,8,1A,MEDIANO,V/I,13000,11000,10000,1625,1375,1250
2026-09-03,hortalizas,PIMIENTO,MORRON,SALTA,PE,10,1A,GRANDE,R/I,34000,32000,30000,3400,3200,3000
2026-09-03,hortalizas,PIMIENTO,MORRON,SALTA,PE,10,1A,GRANDE,V/I,25000,22000,21000,2500,2200,2100
2026-09-03,hortalizas,PIMIENTO,MORRON,SALTA,PE,10,1A,MEDIANO,R/I,29000,27000,25000,2900,2700,2500
2026-09-03,hortalizas,PIMIENTO,MORRON,SALTA,PE,10,1A,MEDIANO,V/I,21000,20000,18000,2100,2000,1800
2026-09-03,hortalizas,PIMIENTO,VINAGRE,SALTA,PE,10,1A,MEDIANO,VER,19000,18000,16000,1900,1800,1600
2026-09-03,hortalizas,PIMIENTO,Prom.Esp.,,,0,,,,0,19083,0,0,2539.58,0
2026-09-03,hortalizas,PUERRO,,BS. AS.,AT,1,1A,MEDIANO,,2800,2200,1800,2800,2200,1800
2026-09-03,hortalizas,PUERRO,,BS. AS.,JA,10,1A,MEDIANO,,20000,18000,15000,2000,1800,1500
2026-09-03,hortalizas,PUERRO,Prom.Esp.,,,0,,,,0,10100,0,0,2000,0
2026-09-03,hortalizas,RABANITO,,BS. AS.,TT,5,1A,,,15000,13000,11000,3000,2600,2200
2026-09-03,hortalizas,RABANITO,Prom.Esp.,,,0,,,,0,13000,0,0,2600,0
2026-09-03,hortalizas,RADICCHIO,,MENDOZA,PE,5,1A,MEDIANO,,24000,22000,20000,4800,4400,4000
2026-09-03,hortalizas,RADICCHIO,Prom.Esp.,,,0,,,,0,22000,0,0,4400,0
2026-09-03,hortalizas,RADICHETA,1ER.CORTE,BS. AS.,BA,3,1A,,,7000,5500,5000,2333.33,1833.33,1666.67
2026-09-03,hortalizas,RADICHETA,2DO.CORTE,BS. AS.,BA,3,1A,,,5000,3500,3000,1666.67,1166.67,1000
2026-09-03,hortalizas,RADICHETA,Prom.Esp.,,,0,,,,0,4500,0,0,1500,0
2026-09-03,hortalizas,REMOLACHA,,BS. AS.,BO,10,1A,MEDIANO,,11000,9500,9000,1100,950,900
2026-09-03,hortalizas,REMOLACHA,,BS. AS.,JA,15,1A,MEDIANO,,14000,13000,11000,933.33,866.67,733.33
2026-09-03,hortalizas,REMOLACHA,,SANTA FE,BO,10,1A,MEDIANO,,10000,9000,8000,1000,900,800
2026-09-03,hortalizas,REMOLACHA,,SGO.EST.,BO,10,1A,MEDIANO,,9000,8000,7000,900,800,700
2026-09-03,hortalizas,REMOLACHA,,SGO.EST.,PE,15,1A,MEDIANO,,15000,13000,12000,1000,866.67,800
2026-09-03,hortalizas,REMOLACHA,Prom.Esp.,,,0,,,,0,10500,0,0,876.67,0
2026-09-03,hortalizas,REP.BRUSEL,,M.D.PLAT,,1,1A,MEDIANO,,3500,2600,2500,3500,2600,2500
2026-09-03,hortalizas,REP.BRUSEL,Prom.Esp.,,,0,,,,0,2600,0,0,2600,0
2026-09-03,hortalizas,REPOLLO,BLANCO,BS. AS.,JA,15,1A,GRANDE,,10000,9000,8000,666.67,600,533.33
2026-09-03,hortalizas,REPOLLO,BLANCO,BS. AS.,JA,15,1A,MEDIANO,,8000,7500,7000,533.33,500,466.67
2026-09-03,hortalizas,REPOLLO,BLANCO,MENDOZA,BO,15,1A,MEDIANO,,11000,9500,9000,733.33,633.33,600
2026-09-03,hortalizas,REPOLLO,COLORADO,BS. AS.,JA,15,1A,GRANDE,,13000,11000,10000,866.67,733.33,666.67
2026-09-03,hortalizas,REPOLLO,COLORADO,BS. AS.,JA,15,1A,MEDIANO,,10000,9000,7000,666.67,600,466.67
2026-09-03,hortalizas,REPOLLO,COLORADO,MENDOZA,BO,15,1A,MEDIANO,,14000,12000,11000,933.33,800,733.33
2026-09-03,hortalizas,REPOLLO,Prom.Esp.,,,0,,,,0,9666.7,0,0,644.44,0
2026-09-03,hortalizas,ROMERO,,BS. AS.,AT,1,1A,MEDIANO,,10000,9400,8500,10000,9400,8500
2026-09-03,hortalizas,ROMERO,Prom.Esp.,,,0,,,,0,9400,0,0,9400,0
2026-09-03,hortalizas,RUCULA,,BS. AS.,BA,3,1A,SIN TAM,,7000,5000,4000,2333.33,1666.67,1333.33
2026-09-03,hortalizas,RUCULA,Prom.Esp.,,,0,,,,0,5000,0,0,1666.67,0
2026-09-03,hortalizas,SALVIA,,BS. AS.,BO,1,1A,,,10000,9000,8500,10000,9000,8500
2026-09-03,hortalizas,SALVIA,Prom.Esp.,,,0,,,,0,9000,0,0,9000,0
2026-09-03,hortalizas,TOMATE,CHERRY,CTES.,CA,5,1A,GRANDE,P/I,31000,30000,28000,6200,6000,5600
2026-09-03,hortalizas,TOMATE,CHERRY,CTES.,CA,5,1A,MEDIANO,P/I,27000,25000,23000,5400,5000,4600
2026-09-03,hortalizas,TOMATE,CHERRY,CTES.,CA,5,1A,MEDIANO,R/I,29000,28000,26000,5800,5600,5200
2026-09-03,hortalizas,TOMATE,CHERRY,SALTA,CA,5,1A,GRANDE,P/I,32000,31000,29000,6400,6200,5800
2026-09-03,hortalizas,TOMATE,CHERRY,SALTA,CA,5,1A,MEDIANO,P/I,28000,27000,25000,5600,5400,5000
2026-09-03,hortalizas,TOMATE,PERITA,SALTA,PE,18,1A,GRANDE,P/I,53000,50000,49000,2944.44,2777.78,2722.22
2026-09-03,hortalizas,TOMATE,PERITA,SALTA,PE,18,1A,MEDIANO,P/I,45000,44000,40000,2500,2444.44,2222.22
2026-09-03,hortalizas,TOMATE,PERITA,SALTA,PE,18,1A,MEDIANO,R/I,47000,46000,43000,2611.11,2555.56,2388.89
2026-09-03,hortalizas,TOMATE,PERITA,SALTA,TO,18,1A,GRANDE,PIN,40000,36000,35000,2222.22,2000,1944.44
2026-09-03,hortalizas,TOMATE,PERITA,SALTA,TO,18,1A,MEDIANO,PIN,33000,31000,28000,1833.33,1722.22,1555.56
2026-09-03,hortalizas,TOMATE,REDONDO,CTES.,TO,18,1A,CHICO,P/I,19000,18000,15000,1055.56,1000,833.33
2026-09-03,hortalizas,TOMATE,REDONDO,CTES.,TO,18,1A,GRANDE,P/I,42000,40000,38000,2333.33,2222.22,2111.11
2026-09-03,hortalizas,TOMATE,REDONDO,CTES.,TO,18,1A,MEDIANO,P/I,36000,34000,33000,2000,1888.89,1833.33
2026-09-03,hortalizas,TOMATE,REDONDO,CTES.,TO,18,1A,MEDIANO,R/I,38000,37000,34000,2111.11,2055.56,1888.89
2026-09-03,hortalizas,TOMATE,REDONDO,CTES.,TO,18,2A,MEDIANO,P/I,32000,30000,26000,1777.78,1666.67,1444.44
2026-09-03,hortalizas,TOMATE,REDONDO,SALTA,TO,18,1A,GRANDE,P/I,63000,60000,57000,3500,3333.33,3166.67
2026-09-03,hortalizas,TOMATE,REDONDO,SALTA,TO,18,1A,GRANDE,PIN,38000,35000,34000,2111.11,1944.44,1888.89
2026-09-03,hortalizas,TOMATE,REDONDO,SALTA,TO,18,1A,MEDIANO,P/I,55000,52000,50000,3055.56,2888.89,2777.78
2026-09-03,hortalizas,TOMATE,REDONDO,SALTA,TO,18,1A,MEDIANO,PIN,33000,30000,27000,1833.33,1666.67,1500
2026-09-03,hortalizas,TOMATE,REDONDO,SALTA,TO,18,2A,MEDIANO,PIN,27000,26000,22000,1500,1444.44,1222.22
2026-09-03,hortalizas,TOMATE,Prom.Esp.,,,0,,,,0,35500,0,0,2990.56,0
2026-09-03,hortalizas,TOMILLO,,BS. AS.,BO,1,1A,,,13000,12000,10000,13000,12000,10000
2026-09-03,hortalizas,TOMILLO,Prom.Esp.,,,0,,,,0,12000,0,0,12000,0
2026-09-03,hortalizas,ZANAHORIA,CHANTENAY,MENDOZA,BO,10,1A,MEDIANO,,7500,6500,6000,750,650,600
2026-09-03,hortalizas,ZANAHORIA,CHANTENAY,MENDOZA,BO,18,1A,MEDIANO,,13000,12000,11000,722.22,666.67,611.11
2026-09-03,hortalizas,ZANAHORIA,CHANTENAY,MENDOZA,CA,20,1A,MEDIANO,,21000,20000,19000,1050,1000,950
2026-09-03,hortalizas,ZANAHORIA,CHANTENAY,SANTA FE,BO,10,1A,MEDIANO,,6500,5500,5000,650,550,500
2026-09-03,hortalizas,ZANAHORIA,CHANTENAY,SGO.EST.,BO,18,1A,MEDIANO,,12000,10500,10000,666.67,583.33,555.56
2026-09-03,hortalizas,ZANAHORIA,Prom.Esp.,,,0,,,,0,10900,0,0,690,0
2026-09-03,hortalizas,ZAPALLITO,LARGO,SALTA,TO,18,1A,MEDIANO,,30000,29000,25000,1666.67,1611.11,1388.89
2026-09-03,hortalizas,ZAPALLITO,LARGO,SALTA,TO,18,1A,MEDIANO,INV,37000,35000,33000,2055.56,1944.44,1833.33
2026-09-03,hortalizas,ZAPALLITO,REDONDO,CTES.,TO,18,1A,MEDIANO,INV,37000,35000,32000,2055.56,1944.44,1777.78
2026-09-03,hortalizas,ZAPALLITO,REDONDO,SALTA,PE,18,1A,MEDIANO,INV,40000,37000,35000,2222.22,2055.56,1944.44
2026-09-03,hortalizas,ZAPALLITO,REDONDO,SALTA,TO,18,1A,MEDIANO,,35000,33000,28000,1944.44,1833.33,1555.56
2026-09-03,hortalizas,ZAPALLITO,REDONDO,SALTA,TO,18,2A,MEDIANO,,26000,24000,20000,1444.44,1333.33,1111.11
2026-09-03,hortalizas,ZAPALLITO,Prom.Esp.,,,0,,,,0,32167,0,0,1787.04,0
2026-09-03,hortalizas,ZAPALLO,ANC.COKENA,MENDOZA,BO,15,1A,MEDIANO,,25000,23000,21000,1666.67,1533.33,1400
2026-09-03,hortalizas,ZAPALLO,ANC.COKENA,S.BS.AS.,BO,15,1A,MEDIANO,,23000,22000,20000,1533.33,1466.67,1333.33
2026-09-03,hortalizas,ZAPALLO,ANC.COKENA,SALTA,PE,17,1A,MEDIANO,,29000,28000,27000,1705.88,1647.06,1588.24
2026-09-03,hortalizas,ZAPALLO,ANGOLA,R. NEGRO,GR,0,1A,,,0,0,0,1000,900,800
2026-09-03,hortalizas,ZAPALLO,TETSUKAB.,MENDOZA,BO,18,1A,MEDIANO,,14000,13000,11000,777.78,722.22,611.11
2026-09-03,hortalizas,ZAPALLO,TETSUKAB.,R. NEGRO,BO,18,1A,MEDIANO,,16000,14000,12000,888.89,777.78,666.67
2026-09-03,hortalizas,ZAPALLO,TETSUKAB.,S.BS.AS.,BO,18,1A,MEDIANO,,15000,13000,11000,833.33,722.22,611.11
2026-09-03,hortalizas,ZAPALLO,TETSUKAB.,SALTA,BO,18,1A,MEDIANO,,18000,17000,15000,1000,944.44,833.33
2026-09-03,hortalizas,ZAPALLO,Prom.Esp.,,,0,,,,0,16250,0,0,1089.22,0
2026-09-04,frutas,ANANA,PIÑA,BRASIL,CA,18,EL,010/012,,35000,34000,33000,1944.44,1888.89,1833.33
2026-09-04,frutas,ANANA,PIÑA,ECUADOR,CA,22,EL,012/014,,42000,41000,40000,1909.09,1863.64,1818.18
2026-09-04,frutas,ANANA,Prom.Esp.,,,0,,,,0,37500,0,0,1876.27,0
2026-09-04,frutas,ARANDANO,,E. RIOS,CA,1.5,EL,GRANEL,,28000,26000,25000,18666.7,17333.3,16666.7
2026-09-04,frutas,ARANDANO,,TUCUMAN,CA,1.5,EL,GRANEL,,32000,30000,27000,21333.3,20000,18000
2026-09-04,frutas,ARANDANO,Prom.Esp.,,,0,,,,0,28000,0,0,18666.7,0
2026-09-04,frutas,BANANA,CAVENDISH,BOLIVIA,CA,18,EL,MEDIANO,,34000,32000,28000,1888.89,1777.78,1555.56
2026-09-04,frutas,BANANA,CAVENDISH,ECUADOR,CA,20,EL,GRANDE,,44000,42000,40000,2200,2100,2000
2026-09-04,frutas,BANANA,CAVENDISH,ECUADOR,CA,20,EL,MEDIANO,,39000,36000,35000,1950,1800,1750
2026-09-04,frutas,BANANA,NANIKA,BRASIL,PE,20,EL,MEDIANO,,26000,25000,24000,1300,1250,1200
2026-09-04,frutas,BANANA,NANIKA,PARAGUAY,PE,22,EL,MEDIANO,,24000,22000,19000,1090.91,1000,863.64
2026-09-04,frutas,BANANA,NANIKA,SALTA,PE,22,CL,MEDIANO,,19000,18000,16000,863.64,818.18,727.27
2026-09-04,frutas,BANANA,Prom.Esp.,,,0,,,,0,29167,0,0,1457.66,0
2026-09-04,frutas,CIRUELA,FORTUNE,ESPAÑA,CA,9,EL,GRANEL,,56000,54000,52000,6222.22,6000,5777.78
2026-09-04,frutas,CIRUELA,SUNGOLD,ESPAÑA,CA,9,EL,GRANDE,,58000,57000,55000,6444.44,6333.33,6111.11
2026-09-04,frutas,CIRUELA,Prom.Esp.,,,0,,,,0,55500,0,0,6166.67,0
2026-09-04,frutas,COCO,,BRASIL,BO,10,EL,MEDIANO,,25000,24000,22000,2500,2400,2200
2026-09-04,frutas,COCO,Prom.Esp.,,,0,,,,0,24000,0,0,2400,0
2026-09-04,frutas,FRUTILLA,,BS. AS.,BA,5,EL,MEDIANO,,20000,18000,16000,4000,3600,3200
2026-09-04,frutas,FRUTILLA,,CTES.,BA,2,EL,GRANEL,,11000,10000,9000,5500,5000,4500
2026-09-04,frutas,FRUTILLA,,SANTA FE,CA,2,EL,GRANEL,,10000,9000,8000,5000,4500,4000
2026-09-04,frutas,FRUTILLA,,SANTA FE,CA,5,EL,GRANDE,,20000,16000,15000,4000,3200,3000
2026-09-04,frutas,FRUTILLA,,TUCUMAN,CA,2,EL,GRANEL,,12000,10000,9000,6000,5000,4500
2026-09-04,frutas,FRUTILLA,,TUCUMAN,CA,5,EL,GRANEL,,220000,19000,17000,44000,3800,3400
2026-09-04,frutas,FRUTILLA,Prom.Esp.,,,0,,,,0,13667,0,0,4183.33,0
2026-09-04,frutas,KIWI,,BS. AS.,CA,10,EL,CHICO,,22000,21000,20000,2200,2100,2000
2026-09-04,frutas,KIWI,,BS. AS.,CA,10,EL,GRANDE,,64000,60000,55000,6400,6000,5500
2026-09-04,frutas,KIWI,,BS. AS.,CA,10,EL,MEDIANO,,44000,42000,38000,4400,4200,3800
2026-09-04,frutas,KIWI,,CHILE,CA,10,EL,MEDIANO,,50000,48000,45000,5000,4800,4500
2026-09-04,frutas,KIWI,Prom.Esp.,,,0,,,,0,42750,0,0,4275,0
2026-09-04,frutas,KUMQUAT,,E. RIOS,BO,1,EL,GRANEL,,3000,2700,2500,3000,2700,2500
2026-09-04,frutas,KUMQUAT,Prom.Esp.,,,0,,,,0,2700,0,0,2700,0
2026-09-04,frutas,LIMA,,E. RIOS,PE,17,EL,GRANEL,,22000,21000,20000,1294.12,1235.29,1176.47
2026-09-04,frutas,LIMA,TAHITI,BRASIL,BA,10,EL,MEDIANO,,28000,27000,25000,2800,2700,2500
2026-09-04,frutas,LIMA,Prom.Esp.,,,0,,,,0,24000,0,0,1967.65,0
2026-09-04,frutas,LIMON,EUREKA,CTES.,TO,18,EL,125/138,,14000,13000,12000,777.78,722.22,666.67
2026-09-04,frutas,LIMON,EUREKA,JUJUY,CA,17,EL,090/120,,15000,14000,12000,882.35,823.53,705.88
2026-09-04,frutas,LIMON,EUREKA,SALTA,CA,17,EL,090/120,,14000,13000,12000,823.53,764.71,705.88
2026-09-04,frutas,LIMON,EUREKA,TUCUMAN,BO,14,CL,GRANEL,,10000,8000,7000,714.29,571.43,500
2026-09-04,frutas,LIMON,EUREKA,TUCUMAN,CA,18,EL,090/100,,13000,12000,11000,722.22,666.67,611.11
2026-09-04,frutas,LIMON,EUREKA,TUCUMAN,CA,18,EL,125/138,,12000,11000,10000,666.67,611.11,555.56
2026-09-04,frutas,LIMON,GENOVA,E. RIOS,PE,18,EL,100/140,,12000,10000,9000,666.67,555.56,500
2026-09-04,frutas,LIMON,Prom.Esp.,,,0,,,,0,11571,0,0,673.6,0
2026-09-04,frutas,MAMON,,BRASIL,CA,10,EL,GRANEL,,35000,33000,32000,3500,3300,3200
2026-09-04,frutas,MAMON,Prom.Esp.,,,0,,,,0,33000,0,0,3300,0
2026-09-04,frutas,MANDARINA,ELLENDALE,E. RIOS,PE,18,EL,GRANDE,,15000,13000,12000,833.33,722.22,666.67
2026-09-04,frutas,MANDARINA,ELLENDALE,E. RIOS,PE,18,EL,MEDIANO,,12000,11000,10000,666.67,611.11,555.56
2026-09-04,frutas,MANDARINA,ENCORE,E. RIOS,JA,18,EL,MEDIANO,,13000,11000,10000,722.22,611.11,555.56
2026-09-04,frutas,MANDARINA,ENCORE,E. RIOS,TO,18,EL,GRANDE,,17000,16000,14000,944.44,888.89,777.78
2026-09-04,frutas,MANDARINA,MALVASIO,E. RIOS,PE,18,EL,MEDIANO,,13000,12000,11000,722.22,666.67,611.11
2026-09-04,frutas,MANDARINA,MURCOT,E. RIOS,PE,18,EL,GRANDE,,16000,15000,14000,888.89,833.33,777.78
2026-09-04,frutas,MANDARINA,MURCOT,E. RIOS,PE,18,EL,MEDIANO,,13000,12000,11000,722.22,666.67,611.11
2026-09-04,frutas,MANDARINA,NOVA,CTES.,PE,18,EL,MEDIANO,,9000,8000,7000,500,444.44,388.89
2026-09-04,frutas,MANDARINA,NOVA,E. RIOS,PE,18,EL,MEDIANO,,10000,9000,8000,555.56,500,444.44
2026-09-04,frutas,MANDARINA,Prom.Esp.,,,0,,,,0,11889,0,0,660.49,0
2026-09-04,frutas,MANGO,,BRASIL,CA,4,EL,MEDIANO,,15000,14000,12000,3750,3500,3000
2026-09-04,frutas,MANGO,,BRASIL,CA,18,EL,GRANDE,,42000,38000,36000,2333.33,2111.11,2000
2026-09-04,frutas,MANGO,Prom.Esp.,,,0,,,,0,26000,0,0,2805.56,0
2026-09-04,frutas,MANI,,SALTA,BO,5,EL,GRANEL,,20000,18000,17000,4000,3600,3400
2026-09-04,frutas,MANI,Prom.Esp.,,,0,,,,0,18000,0,0,3600,0
2026-09-04,frutas,MANZANA,CRIPPS PIN,R. NEGRO,CA,18,EL,100/125,,40000,37000,35000,2222.22,2055.56,1944.44
2026-09-04,frutas,MANZANA,CRIPPS PIN,R. NEGRO,CA,18,EL,125/138,,34000,33000,32000,1888.89,1833.33,1777.78
2026-09-04,frutas,MANZANA,GRANNY SMI,CHILE,CA,18,EL,070/080,,65000,64000,62000,3611.11,3555.56,3444.44
2026-09-04,frutas,MANZANA,GRANNY SMI,R. NEGRO,CA,10,EL,036/044,,34000,32000,30000,3400,3200,3000
2026-09-04,frutas,MANZANA,GRANNY SMI,R. NEGRO,CA,18,EL,080/100,,55000,53000,50000,3055.56,2944.44,2777.78
2026-09-04,frutas,MANZANA,GRANNY SMI,R. NEGRO,CA,18,EL,110/130,,38000,37000,36000,2111.11,2055.56,2000
2026-09-04,frutas,MANZANA,GRANNY SMI,R. NEGRO,JA,18,CL,088/113,,33000,32000,30000,1833.33,1777.78,1666.67
2026-09-04,frutas,MANZANA,GRANNY SMI,R. NEGRO,JA,18,CL,125/138,,31000,29000,28000,1722.22,1611.11,1555.56
2026-09-04,frutas,MANZANA,GRANNY SMI,R. NEGRO,JA,18,EL,100/125,,37000,36000,35000,2055.56,2000,1944.44
2026-09-04,frutas,MANZANA,RED DELICI,CHILE,CA,18,EL,080/100,,68000,65000,64000,3777.78,3611.11,3555.56
2026-09-04,frutas,MANZANA,RED DELICI,R. NEGRO,CA,10,EL,044/056,,33000,32000,30000,3300,3200,3000
2026-09-04,frutas,MANZANA,RED DELICI,R. NEGRO,CA,18,CL,080/100,,31000,29000,27000,1722.22,1611.11,1500
2026-09-04,frutas,MANZANA,RED DELICI,R. NEGRO,CA,18,CL,113/125,,35000,33000,32000,1944.44,1833.33,1777.78
2026-09-04,frutas,MANZANA,RED DELICI,R. NEGRO,CA,18,EL,080/100,,40000,37000,35000,2222.22,2055.56,1944.44
2026-09-04,frutas,MANZANA,RED DELICI,R. NEGRO,CA,18,EL,088/113,,54000,50000,45000,3000,2777.78,2500
2026-09-04,frutas,MANZANA,RED DELICI,R. NEGRO,CA,18,EL,113/125,,44000,40000,38000,2444.44,2222.22,2111.11
2026-09-04,frutas,MANZANA,RED DELICI,R. NEGRO,CA,18,EL,125/138,,40000,38000,35000,2222.22,2111.11,1944.44
2026-09-04,frutas,MANZANA,RED DELICI,R. NEGRO,CA,18,SP,088/113,,58000,55000,52000,3222.22,3055.56,2888.89
2026-09-04,frutas,MANZANA,RED DELICI,R. NEGRO,JA,18,CL,072/080,,32000,30000,28000,1777.78,1666.67,1555.56
2026-09-04,frutas,MANZANA,RED DELICI,R. NEGRO,JA,18,CL,100/125,,30000,28000,26000,1666.67,1555.56,1444.44
2026-09-04,frutas,MANZANA,RED DELICI,R. NEGRO,JA,18,EL,113/125,,35000,32000,30000,1944.44,1777.78,1666.67
2026-09-04,frutas,MANZANA,ROME BEAUT,R. NEGRO,CA,18,EL,072/080,,42000,40000,37000,2333.33,2222.22,2055.56
2026-09-04,frutas,MANZANA,Prom.Esp.,,,0,,,,0,39182,0,0,2306.06,0
2026-09-04,frutas,MELON,AMARILLO,BRASIL,CA,12,EL,MEDIANO,,36000,34000,32000,3000,2833.33,2666.67
2026-09-04,frutas,MELON,ORANGE,BRASIL,CA,10,EL,MEDIANO,,35000,34000,33000,3500,3400,3300
2026-09-04,frutas,MELON,Prom.Esp.,,,0,,,,0,34000,0,0,3116.67,0
2026-09-04,frutas,MEMBRILLO,,R. NEGRO,CA,10,EL,MEDIANO,,27000,25000,24000,2700,2500,2400
2026-09-04,frutas,MEMBRILLO,Prom.Esp.,,,0,,,,0,25000,0,0,2500,0
2026-09-04,frutas,NARANJA,NEW HALL,E. RIOS,PE,18,EL,090/110,,17000,16000,15000,944.44,888.89,833.33
2026-09-04,frutas,NARANJA,SALUSTIANA,CTES.,PE,18,EL,110/130,,11000,10000,9000,611.11,555.56,500
2026-09-04,frutas,NARANJA,SALUSTIANA,E. RIOS,PE,18,EL,090/110,,15000,13000,12000,833.33,722.22,666.67
2026-09-04,frutas,NARANJA,SALUSTIANA,E. RIOS,PE,18,EL,110/130,,12000,11000,10000,666.67,611.11,555.56
2026-09-04,frutas,NARANJA,SALUSTIANA,SALTA,PE,18,EL,110/130,,15000,13000,12000,833.33,722.22,666.67
2026-09-04,frutas,NARANJA,W.NAVEL,BS. AS.,JA,17,EL,050/065,,18000,17000,15000,1058.82,1000,882.35
2026-09-04,frutas,NARANJA,Prom.Esp.,,,0,,,,0,13333,0,0,750,0
2026-09-04,frutas,NUEZ,,MENDOZA,BO,5,EL,GRANEL,,40000,39000,37000,8000,7800,7400
2026-09-04,frutas,NUEZ,Prom.Esp.,,,0,,,,0,39000,0,0,7800,0
2026-09-04,frutas,PALTA,HASS,BRASIL,CA,11,EL,GRANDE,,55000,53000,50000,5000,4818.18,4545.45
2026-09-04,frutas,PALTA,HASS,BRASIL,CA,11,EL,MEDIANO,,50000,47000,45000,4545.45,4272.73,4090.91
2026-09-04,frutas,PALTA,HASS,CHILE,CA,10,EL,GRANDE,,85000,82000,80000,8500,8200,8000
2026-09-04,frutas,PALTA,HASS,CHILE,CA,11,EL,MEDIANO,,70000,68000,65000,6363.64,6181.82,5909.09
2026-09-04,frutas,PALTA,HASS,CTES.,CA,10,EL,MEDIANO,,38000,36000,35000,3800,3600,3500
2026-09-04,frutas,PALTA,HASS,JUJUY,CA,10,EL,MEDIANO,,44000,42000,40000,4400,4200,4000
2026-09-04,frutas,PALTA,HASS,PERU,BA,11,EL,GRANDE,,58000,54000,50000,5272.73,4909.09,4545.45
2026-09-04,frutas,PALTA,HASS,PERU,BA,11,EL,MEDIANO,,48000,46000,45000,4363.64,4181.82,4090.91
2026-09-04,frutas,PALTA,HASS,TUCUMAN,BA,10,EL,MEDIANO,,44000,42000,40000,4400,4200,4000
2026-09-04,frutas,PALTA,TORRES,TUCUMAN,BA,10,EL,MEDIANO,,30000,29000,28000,3000,2900,2800
2026-09-04,frutas,PALTA,Prom.Esp.,,,0,,,,0,49900,0,0,4746.36,0
2026-09-04,frutas,PELON,,ESPAÑA,CA,4,EL,GRANDE,,30000,28000,25000,7500,7000,6250
2026-09-04,frutas,PELON,Prom.Esp.,,,0,,,,0,28000,0,0,7000,0
2026-09-04,frutas,PERA,ASIATICA,CHINA,CA,5,EL,GRANEL,,38000,36000,35000,7600,7200,7000
2026-09-04,frutas,PERA,ASIATICA,R. NEGRO,CA,10,EL,MEDIANO,,38000,36000,34000,3800,3600,3400
2026-09-04,frutas,PERA,BEUR.BOSC,R. NEGRO,JA,18,EL,090/100,,24000,22000,19000,1333.33,1222.22,1055.56
2026-09-04,frutas,PERA,PACKHAM'S,R. NEGRO,CA,10,EL,030/040,,24000,22000,20000,2400,2200,2000
2026-09-04,frutas,PERA,PACKHAM'S,R. NEGRO,CA,18,EL,070/090,,42000,38000,35000,2333.33,2111.11,1944.44
2026-09-04,frutas,PERA,PACKHAM'S,R. NEGRO,CA,18,EL,100/120,,34000,32000,28000,1888.89,1777.78,1555.56
2026-09-04,frutas,PERA,PACKHAM'S,R. NEGRO,JA,18,EL,080/120,,30000,28000,25000,1666.67,1555.56,1388.89
2026-09-04,frutas,PERA,PACKHAM'S,R. NEGRO,PE,18,CL,100/120,,24000,23000,22000,1333.33,1277.78,1222.22
2026-09-04,frutas,PERA,Prom.Esp.,,,0,,,,0,29625,0,0,2618.06,0
2026-09-04,frutas,PITAHAYA,,ECUADOR,CA,2.5,EL,GRANEL,,65000,60000,55000,26000,24000,22000
2026-09-04,frutas,PITAHAYA,Prom.Esp.,,,0,,,,0,60000,0,0,24000,0
2026-09-04,frutas,PLATANO,,ECUADOR,CA,22,EL,GRANDE,,62000,55000,52000,2818.18,2500,2363.64
2026-09-04,frutas,PLATANO,Prom.Esp.,,,0,,,,0,55000,0,0,2500,0
2026-09-04,frutas,POMELO,BLANCO,E. RIOS,CA,18,EL,050/070,,11000,10000,9000,611.11,555.56,500
2026-09-04,frutas,POMELO,STAR RUBY,E. RIOS,PE,18,EL,050/070,,15000,14000,12000,833.33,777.78,666.67
2026-09-04,frutas,POMELO,STAR RUBY,SALTA,PE,18,EL,070/090,,20000,18000,16000,1111.11,1000,888.89
2026-09-04,frutas,POMELO,Prom.Esp.,,,0,,,,0,14000,0,0,777.78,0
2026-09-04,frutas,SANDIA,,BRASIL,CA,16,EL,004/006,,32000,29000,28000,2000,1812.5,1750
2026-09-04,frutas,SANDIA,,BRASIL,GR,0,CL,GRANEL,,0,0,0,1500,1400,1300
2026-09-04,frutas,SANDIA,Prom.Esp.,,,0,,,,0,14500,0,0,1606.25,0
2026-09-04,frutas,UVA,ARRA 15,BRASIL,CA,8,EL,GRANEL,,55000,54000,50000,6875,6750,6250
2026-09-04,frutas,UVA,AUTUMN CRI,BRASIL,CA,8,EL,GRANDE,,55000,52000,48000,6875,6500,6000
2026-09-04,frutas,UVA,NUBIA,BRASIL,CA,8,EL,GRANEL,,54000,50000,48000,6750,6250,6000
2026-09-04,frutas,UVA,RED GLOBE,BRASIL,CA,8,EL,GRANDE,,58000,56000,54000,7250,7000,6750
2026-09-04,frutas,UVA,SUGAR CRIP,BRASIL,CA,8,EL,GRANEL,,52000,50000,48000,6500,6250,6000
2026-09-04,frutas,UVA,Prom.Esp.,,,0,,,,0,52400,0,0,6550,0
2026-09-04,hortalizas,ACELGA,,BS. AS.,JA,10,1A,,INV,7000,6000,5000,700,600,500
2026-09-04,hortalizas,ACELGA,,BS. AS.,JA,10,1A,SIN TAM,,4800,4000,3500,480,400,350
2026-09-04,hortalizas,ACELGA,,BS. AS.,JA,10,2A,SIN TAM,,3500,3200,3000,350,320,300
2026-09-04,hortalizas,ACELGA,Prom.Esp.,,,0,,,,0,4400,0,0,440,0
2026-09-04,hortalizas,ACHICORIA,,BS. AS.,JA,10,1A,,,10000,9000,8000,1000,900,800
2026-09-04,hortalizas,ACHICORIA,Prom.Esp.,,,0,,,,0,9000,0,0,900,0
2026-09-04,hortalizas,ACUSAY,,BS. AS.,JA,10,1A,GRANDE,,9000,8300,7500,900,830,750
2026-09-04,hortalizas,ACUSAY,,BS. AS.,JA,10,1A,MEDIANO,,7500,7000,6500,750,700,650
2026-09-04,hortalizas,ACUSAY,Prom.Esp.,,,0,,,,0,7650,0,0,765,0
2026-09-04,hortalizas,AJO,COLORADO,BRASIL,CA,10,1A,6,,58000,56000,55000,5800,5600,5500
2026-09-04,hortalizas,AJO,COLORADO,BRASIL,CA,10,1A,7,,69000,68000,65000,6900,6800,6500
2026-09-04,hortalizas,AJO,COLORADO,MENDOZA,CA,5,1A,6,,38000,36000,34000,7600,7200,6800
2026-09-04,hortalizas,AJO,COLORADO,MENDOZA,CA,5,1A,8,,50000,47000,45000,10000,9400,9000
2026-09-04,hortalizas,AJO,COLORADO,MENDOZA,RT,4,1A,4,,7000,5000,4000,1750,1250,1000
2026-09-04,hortalizas,AJO,COLORADO,MENDOZA,RT,5,1A,5,,11000,9000,8000,2200,1800,1600
2026-09-04,hortalizas,AJO,COLORADO,MENDOZA,RT,7,1A,7,,17000,15000,13000,2428.57,2142.86,1857.14
2026-09-04,hortalizas,AJO,COLORADO,MENDOZA,RT,8,1A,8,,26000,23000,20000,3250,2875,2500
2026-09-04,hortalizas,AJO,COLORADO,MENDOZA,RT,9,1A,9,,35000,32000,25000,3888.89,3555.56,2777.78
2026-09-04,hortalizas,AJO,COLORADO,MENDOZA,RT,10,1A,10,,55000,50000,48000,5500,5000,4800
2026-09-04,hortalizas,AJO,COLORADO,MENDOZA,RT,11,1A,11,,74000,62000,60000,6727.27,5636.36,5454.55
2026-09-04,hortalizas,AJO,COLORADO,MENDOZA,RT,12,1A,12,,80000,76000,75000,6666.67,6333.33,6250
2026-09-04,hortalizas,AJO,MDO. CHINO,MENDOZA,CA,5,1A,10,,30000,28000,25000,6000,5600,5000
2026-09-04,hortalizas,AJO,MDO. CHINO,MENDOZA,CA,5,1A,12,,36000,34000,32000,7200,6800,6400
2026-09-04,hortalizas,AJO,MDO. CHINO,MENDOZA,CA,5,1A,7,,20000,18000,15000,4000,3600,3000
2026-09-04,hortalizas,AJO,Prom.Esp.,,,0,,,,0,37267,0,0,4906.21,0
2026-09-04,hortalizas,ALBAHACA,,BS. AS.,AT,0,1A,,INV,0,0,0,750,700,600
2026-09-04,hortalizas,ALBAHACA,,CTES.,AT,0,1A,,INV,0,0,0,700,650,600
2026-09-04,hortalizas,ALBAHACA,Prom.Esp.,,,0,,,,0,0,0,0,675,0
2026-09-04,hortalizas,ALCAUCIL,VIOLETA,BS. AS.,TO,6,1A,MEDIANO,,28000,27000,25000,4666.67,4500,4166.67
2026-09-04,hortalizas,ALCAUCIL,Ñ. FRANCES,BS. AS.,TO,6,1A,MEDIANO,,26000,25000,23000,4333.33,4166.67,3833.33
2026-09-04,hortalizas,ALCAUCIL,Prom.Esp.,,,0,,,,0,26000,0,0,4333.34,0
2026-09-04,hortalizas,APIO,,BS. AS.,TO,6,1A,MEDIANO,INV,9000,8000,7000,1500,1333.33,1166.67
2026-09-04,hortalizas,APIO,,BS. AS.,TO,8,1A,GRANDE,INV,13000,12000,11000,1625,1500,1375
2026-09-04,hortalizas,APIO,Prom.Esp.,,,0,,,,0,10000,0,0,1416.67,0
2026-09-04,hortalizas,ARVEJA,,JUJUY,BO,8,1A,MEDIANO,,20000,18000,17000,2500,2250,2125
2026-09-04,hortalizas,ARVEJA,Prom.Esp.,,,0,,,,0,18000,0,0,2250,0
2026-09-04,hortalizas,BATATA,ARAPEY,BRASIL,BO,20,1A,MEDIANO,,30000,29000,26000,1500,1450,1300
2026-09-04,hortalizas,BATATA,ARAPEY,CORDOBA,BO,13,1A,MEDIANO,,15000,13000,12000,1153.85,1000,923.08
2026-09-04,hortalizas,BATATA,BEAUREGARD,S. PEDRO,BO,11,1A,MEDIANO,,22000,21000,19000,2000,1909.09,1727.27
2026-09-04,hortalizas,BATATA,Prom.Esp.,,,0,,,,0,21000,0,0,1453.03,0
2026-09-04,hortalizas,BERENJENA,VTA.MED.LA,SALTA,PE,12,1A,MEDIANO,INV,17000,16000,14000,1416.67,1333.33,1166.67
2026-09-04,hortalizas,BERENJENA,VTA.MED.LA,SALTA,TO,12,1A,MEDIANO,,14000,13000,12000,1166.67,1083.33,1000
2026-09-04,hortalizas,BERENJENA,Prom.Esp.,,,0,,,,0,14500,0,0,1208.33,0
2026-09-04,hortalizas,BERRO,,BS. AS.,AT,1,1A,SIN TAM,,3000,2700,2000,3000,2700,2000
2026-09-04,hortalizas,BERRO,Prom.Esp.,,,0,,,,0,2700,0,0,2700,0
2026-09-04,hortalizas,BROCOLI,,BS. AS.,JA,8,1A,MEDIANO,,13000,12000,11000,1625,1500,1375
2026-09-04,hortalizas,BROCOLI,,BS. AS.,JA,8,1A,MEDIANO,INV,16000,14000,13000,2000,1750,1625
2026-09-04,hortalizas,BROCOLI,,MENDOZA,PE,8,,MEDIANO,,17000,15000,13000,2125,1875,1625
2026-09-04,hortalizas,BROCOLI,Prom.Esp.,,,0,,,,0,13667,0,0,1708.33,0
2026-09-04,hortalizas,BROTE ALFA,,BS. AS.,BO,1,1A,MEDIANO,,11000,9000,8000,11000,9000,8000
2026-09-04,hortalizas,BROTE ALFA,Prom.Esp.,,,0,,,,0,9000,0,0,9000,0
2026-09-04,hortalizas,BROTE SOJA,,BS. AS.,BO,1,1A,,,8000,7500,6000,8000,7500,6000
2026-09-04,hortalizas,BROTE SOJA,Prom.Esp.,,,0,,,,0,7500,0,0,7500,0
2026-09-04,hortalizas,CARDO,,BS. AS.,AT,4,1A,MEDIANO,,7000,5800,5000,1750,1450,1250
2026-09-04,hortalizas,CARDO,Prom.Esp.,,,0,,,,0,5800,0,0,1450,0
2026-09-04,hortalizas,CEB.VERDEO,COLORADA,BS. AS.,AT,1,1A,MEDIANO,,2000,1800,1500,2000,1800,1500
2026-09-04,hortalizas,CEB.VERDEO,COLORADA,BS. AS.,JA,10,1A,MEDIANO,,17000,16000,13000,1700,1600,1300
2026-09-04,hortalizas,CEB.VERDEO,COLORADA,SGO.EST.,AT,1,1A,MEDIANO,,1800,1600,1500,1800,1600,1500
2026-09-04,hortalizas,CEB.VERDEO,Prom.Esp.,,,0,,,,0,6466.7,0,0,1666.67,0
2026-09-04,hortalizas,CEBOLLA,COLORADA,BRASIL,BO,20,1A,MEDIANO,,44000,42000,39000,2200,2100,1950
2026-09-04,hortalizas,CEBOLLA,COLORADA,S.BS.AS.,BO,20,1A,MEDIANO,,36000,31000,30000,1800,1550,1500
2026-09-04,hortalizas,CEBOLLA,COLORADA,S.BS.AS.,BO,20,2A,MEDIANO,,26000,23000,19000,1300,1150,950
2026-09-04,hortalizas,CEBOLLA,OPTIMA,BRASIL,BO,20,1A,MEDIANO,,36000,33000,32000,1800,1650,1600
2026-09-04,hortalizas,CEBOLLA,VALENCIANA,R. NEGRO,BO,20,1A,MEDIANO,,24000,22000,20000,1200,1100,1000
2026-09-04,hortalizas,CEBOLLA,VALENCIANA,S.BS.AS.,BO,20,1A,MEDIANO,,23000,21000,19000,1150,1050,950
2026-09-04,hortalizas,CEBOLLA,VALENCIANA,S.BS.AS.,BO,20,2A,MEDIANO,,16000,14000,13000,800,700,650
2026-09-04,hortalizas,CEBOLLA,Prom.Esp.,,,0,,,,0,26571,0,0,1328.57,0
2026-09-04,hortalizas,CHAUCHA,ESMERALDA,CTES.,TO,10,1A,MEDIANO,INV,18000,17000,15000,1800,1700,1500
2026-09-04,hortalizas,CHAUCHA,ESMERALDA,SALTA,PE,10,1A,MEDIANO,INV,21000,19000,18000,2100,1900,1800
2026-09-04,hortalizas,CHAUCHA,ROLLIZA,SALTA,PE,12,1A,MEDIANO,INV,21000,18000,16000,1750,1500,1333.33
2026-09-04,hortalizas,CHAUCHA,ROLLIZA,SALTA,TO,12,1A,MEDIANO,,15000,13000,12000,1250,1083.33,1000
2026-09-04,hortalizas,CHAUCHA,Prom.Esp.,,,0,,,,0,16750,0,0,1545.83,0
2026-09-04,hortalizas,CHOCLO,AMARILLO,SALTA,PE,15,1A,MEDIANO,PRE,43000,40000,37000,2866.67,2666.67,2466.67
2026-09-04,hortalizas,CHOCLO,AMARILLO,SALTA,PE,15,2A,MEDIANO,PRE,30000,29000,27000,2000,1933.33,1800
2026-09-04,hortalizas,CHOCLO,Prom.Esp.,,,0,,,,0,34500,0,0,2300,0
2026-09-04,hortalizas,CIBOULLE,,BS. AS.,AT,1,1A,MEDIANO,,11000,10000,9000,11000,10000,9000
2026-09-04,hortalizas,CIBOULLE,Prom.Esp.,,,0,,,,0,10000,0,0,10000,0
2026-09-04,hortalizas,CILANDRO,,BS. AS.,AT,1,1A,MEDIANO,,12000,11000,10000,12000,11000,10000
2026-09-04,hortalizas,CILANDRO,Prom.Esp.,,,0,,,,0,11000,0,0,11000,0
2026-09-04,hortalizas,COLIFLOR,,BS. AS.,JA,15,1A,MEDIANO,,18000,17000,15000,1200,1133.33,1000
2026-09-04,hortalizas,COLIFLOR,,MENDOZA,PE,15,1A,MEDIANO,,23000,20000,19000,1533.33,1333.33,1266.67
2026-09-04,hortalizas,COLIFLOR,Prom.Esp.,,,0,,,,0,18500,0,0,1233.33,0
2026-09-04,hortalizas,CURCUMA,SIN VARIED,BRASIL,CA,1,1A,MEDIANO,,5000,4000,3000,5000,4000,3000
2026-09-04,hortalizas,CURCUMA,Prom.Esp.,,,0,,,,0,4000,0,0,4000,0
2026-09-04,hortalizas,ECHALOTE,,MENDOZA,CA,1,1A,,,11000,10000,9000,11000,10000,9000
2026-09-04,hortalizas,ECHALOTE,Prom.Esp.,,,0,,,,0,10000,0,0,10000,0
2026-09-04,hortalizas,ENDIBIA,,BS. AS.,BA,1,1A,MEDIANO,,22000,21000,19000,22000,21000,19000
2026-09-04,hortalizas,ENDIBIA,Prom.Esp.,,,0,,,,0,21000,0,0,21000,0
2026-09-04,hortalizas,ESCAROLA,HOJA ANCHA,BS. AS.,TT,5,1A,,,7000,6500,5000,1400,1300,1000
2026-09-04,hortalizas,ESCAROLA,HOJA FINA,BS. AS.,TT,5,1A,,,8000,7000,6000,1600,1400,1200
2026-09-04,hortalizas,ESCAROLA,Prom.Esp.,,,0,,,,0,6750,0,0,1350,0
2026-09-04,hortalizas,ESPARRAGO,VERDE,SAN JUAN,AT,0.5,1A,CHICO,,2500,2200,2000,5000,4400,4000
2026-09-04,hortalizas,ESPARRAGO,VERDE,SAN JUAN,AT,0.5,1A,MEDIANO,,3500,3000,2500,7000,6000,5000
2026-09-04,hortalizas,ESPARRAGO,Prom.Esp.,,,0,,,,0,2600,0,0,5200,0
2026-09-04,hortalizas,ESPINACA,,BS. AS.,JA,5,1A,,,4000,3300,3000,800,660,600
2026-09-04,hortalizas,ESPINACA,,BS. AS.,JA,5,1A,,INV,7000,5500,5000,1400,1100,1000
2026-09-04,hortalizas,ESPINACA,Prom.Esp.,,,0,,,,0,4400,0,0,880,0
2026-09-04,hortalizas,HABA,,JUJUY,BO,10,1A,MEDIANO,,21000,18000,17000,2100,1800,1700
2026-09-04,hortalizas,HABA,Prom.Esp.,,,0,,,,0,18000,0,0,1800,0
2026-09-04,hortalizas,HINOJO,,BS. AS.,JA,15,1A,MEDIANO,,18000,17000,16000,1200,1133.33,1066.67
2026-09-04,hortalizas,HINOJO,Prom.Esp.,,,0,,,,0,17000,0,0,1133.33,0
2026-09-04,hortalizas,HONGOS,AGARICUS,BS. AS.,BO,1,1A,,,20000,19500,19000,20000,19500,19000
2026-09-04,hortalizas,HONGOS,OYSTER,BS. AS.,BA,1,1A,,,22000,21000,19000,22000,21000,19000
2026-09-04,hortalizas,HONGOS,PORTOBELO,BS. AS.,BO,1,1A,,,23000,21000,19000,23000,21000,19000
2026-09-04,hortalizas,HONGOS,SHIITAKE,BS. AS.,BA,1,1A,,,24000,22000,21000,24000,22000,21000
2026-09-04,hortalizas,HONGOS,Prom.Esp.,,,0,,,,0,20875,0,0,20875,0
2026-09-04,hortalizas,JENGIBRE,,BRASIL,BO,1,1A,MEDIANO,,4000,3800,3000,4000,3800,3000
2026-09-04,hortalizas,JENGIBRE,,MISIONES,BO,1,1A,MEDIANO,,4000,3600,3000,4000,3600,3000
2026-09-04,hortalizas,JENGIBRE,Prom.Esp.,,,0,,,,0,3700,0,0,3700,0
2026-09-04,hortalizas,KALE,CRESPO,BS. AS.,AT,1,1A,SIN TAM,VER,1300,1200,1000,1300,1200,1000
2026-09-04,hortalizas,KALE,MORADO,BS. AS.,AT,1,1A,SIN TAM,,1400,1300,1100,1400,1300,1100
2026-09-04,hortalizas,KALE,Prom.Esp.,,,0,,,,0,1250,0,0,1250,0
2026-09-04,hortalizas,LECHUGA,CAPUCHINA,BS. AS.,JA,12,1A,MEDIANO,,12000,11000,9000,1000,916.67,750
2026-09-04,hortalizas,LECHUGA,CAPUCHINA,MENDOZA,PE,15,1A,MEDIANO,,15000,14000,12000,1000,933.33,800
2026-09-04,hortalizas,LECHUGA,CAPUCHINA,SANTA FE,JA,12,1A,MEDIANO,,12000,10000,9000,1000,833.33,750
2026-09-04,hortalizas,LECHUGA,CAPUCHINA,SGO.EST.,PE,15,1A,MEDIANO,,14000,13000,11000,933.33,866.67,733.33
2026-09-04,hortalizas,LECHUGA,CRIOLLA,BS. AS.,JA,8,1A,GRANDE,INV,8000,7500,6000,1000,937.5,750
2026-09-04,hortalizas,LECHUGA,CRIOLLA,BS. AS.,JA,8,1A,MEDIANO,INV,6000,5500,4000,750,687.5,500
2026-09-04,hortalizas,LECHUGA,CRIOLLA,SANTA FE,JA,12,1A,MEDIANO,,10000,9000,8000,833.33,750,666.67
2026-09-04,hortalizas,LECHUGA,MANTECOSA,BS. AS.,JA,5,1A,GRANDE,INV,9000,8000,7000,1800,1600,1400
2026-09-04,hortalizas,LECHUGA,MANTECOSA,BS. AS.,JA,5,1A,MEDIANO,INV,7000,6500,5000,1400,1300,1000
2026-09-04,hortalizas,LECHUGA,Prom.Esp.,,,0,,,,0,9388.9,0,0,980.56,0
2026-09-04,hortalizas,MANDIOCA,,MISIONES,BO,40,1A,GRANDE,,28000,27000,25000,700,675,625
2026-09-04,hortalizas,MANDIOCA,Prom.Esp.,,,0,,,,0,27000,0,0,675,0
2026-09-04,hortalizas,MENTA,,BS. AS.,AT,1,1A,MEDIANO,,10000,9000,8000,10000,9000,8000
2026-09-04,hortalizas,MENTA,Prom.Esp.,,,0,,,,0,9000,0,0,9000,0
2026-09-04,hortalizas,NABO,BLANCO,BS. AS.,AT,3,1A,MEDIANO,,5000,4000,3000,1666.67,1333.33,1000
2026-09-04,hortalizas,NABO,Prom.Esp.,,,0,,,,0,4000,0,0,1333.33,0
2026-09-04,hortalizas,OREGANO,,BS. AS.,BO,1,1A,,,10000,9500,9000,10000,9500,9000
2026-09-04,hortalizas,OREGANO,Prom.Esp.,,,0,,,,0,9500,0,0,9500,0
2026-09-04,hortalizas,PACK CHOY,,BS. AS.,BA,3,1A,,,9000,8500,7000,3000,2833.33,2333.33
2026-09-04,hortalizas,PACK CHOY,Prom.Esp.,,,0,,,,0,8500,0,0,2833.33,0
2026-09-04,hortalizas,PAPA,AGATA,BRASIL,BO,25,1A,MEDIANO,LAV,40000,39000,38000,1600,1560,1520
2026-09-04,hortalizas,PAPA,SPUNTA,CORDOBA,BO,18,2A,MEDIANO,,20000,19500,19000,1111.11,1083.33,1055.56
2026-09-04,hortalizas,PAPA,SPUNTA,SE BS.AS,BO,18,2A,MEDIANO,,17000,16000,15000,944.44,888.89,833.33
2026-09-04,hortalizas,PAPA,SPUNTA,SE BS.AS,BO,18,2A,MEDIANO,CEP,20000,19500,18000,1111.11,1083.33,1000
2026-09-04,hortalizas,PAPA,SPUNTA,V.DOLOR.,BO,18,2A,MEDIANO,,19500,19000,18000,1083.33,1055.56,1000
2026-09-04,hortalizas,PAPA,Prom.Esp.,,,0,,,,0,22600,0,0,1134.22,0
2026-09-04,hortalizas,PEPINO,,CTES.,TO,18,1A,MEDIANO,INV,25000,23000,20000,1388.89,1277.78,1111.11
2026-09-04,hortalizas,PEPINO,,SALTA,TO,18,1A,MEDIANO,,23000,21000,18000,1277.78,1166.67,1000
2026-09-04,hortalizas,PEPINO,,SALTA,TO,18,1A,MEDIANO,INV,27000,25000,24000,1500,1388.89,1333.33
2026-09-04,hortalizas,PEPINO,Prom.Esp.,,,0,,,,0,23000,0,0,1277.78,0
2026-09-04,hortalizas,PEREJIL,,BS. AS.,JA,10,1A,GRANDE,,13000,10000,9000,1300,1000,900
2026-09-04,hortalizas,PEREJIL,,BS. AS.,JA,10,1A,MEDIANO,,9000,8000,7000,900,800,700
2026-09-04,hortalizas,PEREJIL,,SGO.EST.,PE,10,1A,MEDIANO,,8000,7000,6000,800,700,600
2026-09-04,hortalizas,PEREJIL,Prom.Esp.,,,0,,,,0,8333.3,0,0,833.33,0
2026-09-04,hortalizas,PIMIENTO,JALAPEÑO,CTES.,PE,5,1A,MEDIANO,ROJ,18000,16000,15000,3600,3200,3000
2026-09-04,hortalizas,PIMIENTO,JALAPEÑO,SALTA,BA,4,1A,GRANDE,VER,14000,13000,11000,3500,3250,2750
2026-09-04,hortalizas,PIMIENTO,JALAPEÑO,SALTA,BA,4,1A,MEDIANO,ROJ,17000,15000,14000,4250,3750,3500
2026-09-04,hortalizas,PIMIENTO,MORRON,CTES.,TO,8,1A,GRANDE,R/I,30000,28000,27000,3750,3500,3375
2026-09-04,hortalizas,PIMIENTO,MORRON,CTES.,TO,8,1A,GRANDE,V/I,18000,17000,15000,2250,2125,1875
2026-09-04,hortalizas,PIMIENTO,MORRON,CTES.,TO,8,1A,MEDIANO,R/I,24000,23000,18000,3000,2875,2250
2026-09-04,hortalizas,PIMIENTO,MORRON,CTES.,TO,8,1A,MEDIANO,V/I,14000,13000,11000,1750,1625,1375
2026-09-04,hortalizas,PIMIENTO,MORRON,SALTA,PE,10,1A,GRANDE,R/I,47000,45000,43000,4700,4500,4300
2026-09-04,hortalizas,PIMIENTO,MORRON,SALTA,PE,10,1A,GRANDE,V/I,28000,25000,23000,2800,2500,2300
2026-09-04,hortalizas,PIMIENTO,MORRON,SALTA,PE,10,1A,MEDIANO,R/I,38000,36000,34000,3800,3600,3400
2026-09-04,hortalizas,PIMIENTO,MORRON,SALTA,PE,10,1A,MEDIANO,V/I,24000,22000,19000,2400,2200,1900
2026-09-04,hortalizas,PIMIENTO,VINAGRE,SALTA,PE,10,1A,MEDIANO,VER,20000,18000,16000,2000,1800,1600
2026-09-04,hortalizas,PIMIENTO,Prom.Esp.,,,0,,,,0,22583,0,0,2910.42,0
2026-09-04,hortalizas,PUERRO,,BS. AS.,AT,1,1A,MEDIANO,,2000,1600,1500,2000,1600,1500
2026-09-04,hortalizas,PUERRO,,BS. AS.,JA,10,1A,MEDIANO,,18000,15000,13000,1800,1500,1300
2026-09-04,hortalizas,PUERRO,Prom.Esp.,,,0,,,,0,8300,0,0,1550,0
2026-09-04,hortalizas,RABANITO,,BS. AS.,TT,5,1A,,,14000,12000,11000,2800,2400,2200
2026-09-04,hortalizas,RABANITO,Prom.Esp.,,,0,,,,0,12000,0,0,2400,0
2026-09-04,hortalizas,RADICCHIO,,MENDOZA,PE,5,1A,MEDIANO,,24000,22000,20000,4800,4400,4000
2026-09-04,hortalizas,RADICCHIO,Prom.Esp.,,,0,,,,0,22000,0,0,4400,0
2026-09-04,hortalizas,RADICHETA,1ER.CORTE,BS. AS.,BA,3,1A,,,7000,6000,5000,2333.33,2000,1666.67
2026-09-04,hortalizas,RADICHETA,2DO.CORTE,BS. AS.,BA,3,1A,,,5000,4000,3500,1666.67,1333.33,1166.67
2026-09-04,hortalizas,RADICHETA,Prom.Esp.,,,0,,,,0,5000,0,0,1666.67,0
2026-09-04,hortalizas,REMOLACHA,,BS. AS.,BO,10,1A,MEDIANO,,11000,10000,9500,1100,1000,950
2026-09-04,hortalizas,REMOLACHA,,BS. AS.,JA,15,1A,MEDIANO,,15000,13000,11000,1000,866.67,733.33
2026-09-04,hortalizas,REMOLACHA,,SANTA FE,BO,10,1A,MEDIANO,,10000,9500,8000,1000,950,800
2026-09-04,hortalizas,REMOLACHA,,SGO.EST.,BO,10,1A,MEDIANO,,9000,8000,7000,900,800,700
2026-09-04,hortalizas,REMOLACHA,,SGO.EST.,PE,15,1A,MEDIANO,,15000,14000,12000,1000,933.33,800
2026-09-04,hortalizas,REMOLACHA,Prom.Esp.,,,0,,,,0,10900,0,0,910,0
2026-09-04,hortalizas,REP.BRUSEL,,M.D.PLAT,,1,1A,MEDIANO,,3500,2800,2500,3500,2800,2500
2026-09-04,hortalizas,REP.BRUSEL,Prom.Esp.,,,0,,,,0,2800,0,0,2800,0
2026-09-04,hortalizas,REPOLLO,BLANCO,BS. AS.,JA,15,1A,GRANDE,,10000,9500,8000,666.67,633.33,533.33
2026-09-04,hortalizas,REPOLLO,BLANCO,BS. AS.,JA,15,1A,MEDIANO,,8000,7500,7000,533.33,500,466.67
2026-09-04,hortalizas,REPOLLO,BLANCO,MENDOZA,BO,15,1A,MEDIANO,,11000,9500,9000,733.33,633.33,600
2026-09-04,hortalizas,REPOLLO,COLORADO,BS. AS.,JA,15,1A,GRANDE,,14000,13000,12000,933.33,866.67,800
2026-09-04,hortalizas,REPOLLO,COLORADO,BS. AS.,JA,15,1A,MEDIANO,,11000,9500,8000,733.33,633.33,533.33
2026-09-04,hortalizas,REPOLLO,COLORADO,MENDOZA,BO,15,1A,MEDIANO,,14000,13000,11000,933.33,866.67,733.33
2026-09-04,hortalizas,REPOLLO,Prom.Esp.,,,0,,,,0,10333,0,0,688.89,0
2026-09-04,hortalizas,ROMERO,,BS. AS.,AT,1,1A,MEDIANO,,10000,9400,8500,10000,9400,8500
2026-09-04,hortalizas,ROMERO,Prom.Esp.,,,0,,,,0,9400,0,0,9400,0
2026-09-04,hortalizas,RUCULA,,BS. AS.,BA,3,1A,SIN TAM,,7000,5500,4500,2333.33,1833.33,1500
2026-09-04,hortalizas,RUCULA,Prom.Esp.,,,0,,,,0,5500,0,0,1833.33,0
2026-09-04,hortalizas,SALVIA,,BS. AS.,BO,1,1A,,,10000,9000,8500,10000,9000,8500
2026-09-04,hortalizas,SALVIA,Prom.Esp.,,,0,,,,0,9000,0,0,9000,0
2026-09-04,hortalizas,TOMATE,CHERRY,CTES.,CA,5,1A,GRANDE,P/I,31000,30000,28000,6200,6000,5600
2026-09-04,hortalizas,TOMATE,CHERRY,CTES.,CA,5,1A,MEDIANO,P/I,27000,26000,23000,5400,5200,4600
2026-09-04,hortalizas,TOMATE,CHERRY,CTES.,CA,5,1A,MEDIANO,R/I,29000,28000,26000,5800,5600,5200
2026-09-04,hortalizas,TOMATE,CHERRY,SALTA,CA,5,1A,GRANDE,P/I,32000,31000,29000,6400,6200,5800
2026-09-04,hortalizas,TOMATE,CHERRY,SALTA,CA,5,1A,MEDIANO,P/I,28000,27000,25000,5600,5400,5000
2026-09-04,hortalizas,TOMATE,PERITA,SALTA,PE,18,1A,GRANDE,P/I,55000,52000,50000,3055.56,2888.89,2777.78
2026-09-04,hortalizas,TOMATE,PERITA,SALTA,PE,18,1A,MEDIANO,P/I,48000,46000,44000,2666.67,2555.56,2444.44
2026-09-04,hortalizas,TOMATE,PERITA,SALTA,PE,18,1A,MEDIANO,R/I,50000,47000,46000,2777.78,2611.11,2555.56
2026-09-04,hortalizas,TOMATE,PERITA,SALTA,TO,18,1A,GRANDE,PIN,45000,40000,38000,2500,2222.22,2111.11
2026-09-04,hortalizas,TOMATE,PERITA,SALTA,TO,18,1A,MEDIANO,PIN,36000,34000,30000,2000,1888.89,1666.67
2026-09-04,hortalizas,TOMATE,REDONDO,CTES.,TO,18,1A,CHICO,P/I,18000,16000,14000,1000,888.89,777.78
2026-09-04,hortalizas,TOMATE,REDONDO,CTES.,TO,18,1A,GRANDE,P/I,40000,37000,36000,2222.22,2055.56,2000
2026-09-04,hortalizas,TOMATE,REDONDO,CTES.,TO,18,1A,MEDIANO,P/I,35000,31000,30000,1944.44,1722.22,1666.67
2026-09-04,hortalizas,TOMATE,REDONDO,CTES.,TO,18,1A,MEDIANO,R/I,36000,34000,33000,2000,1888.89,1833.33
2026-09-04,hortalizas,TOMATE,REDONDO,CTES.,TO,18,2A,MEDIANO,P/I,30000,27000,24000,1666.67,1500,1333.33
2026-09-04,hortalizas,TOMATE,REDONDO,SALTA,TO,18,1A,GRANDE,P/I,64000,61000,58000,3555.56,3388.89,3222.22
2026-09-04,hortalizas,TOMATE,REDONDO,SALTA,TO,18,1A,GRANDE,PIN,40000,37000,36000,2222.22,2055.56,2000
2026-09-04,hortalizas,TOMATE,REDONDO,SALTA,TO,18,1A,MEDIANO,P/I,56000,53000,50000,3111.11,2944.44,2777.78
2026-09-04,hortalizas,TOMATE,REDONDO,SALTA,TO,18,1A,MEDIANO,PIN,34000,32000,28000,1888.89,1777.78,1555.56
2026-09-04,hortalizas,TOMATE,REDONDO,SALTA,TO,18,2A,MEDIANO,PIN,27000,25000,20000,1500,1388.89,1111.11
2026-09-04,hortalizas,TOMATE,Prom.Esp.,,,0,,,,0,35700,0,0,3008.89,0
2026-09-04,hortalizas,TOMILLO,,BS. AS.,BO,1,1A,,,13000,12000,10000,13000,12000,10000
2026-09-04,hortalizas,TOMILLO,Prom.Esp.,,,0,,,,0,12000,0,0,12000,0
2026-09-04,hortalizas,ZANAHORIA,CHANTENAY,MENDOZA,BO,10,1A,MEDIANO,,74000,6400,6000,7400,640,600
2026-09-04,hortalizas,ZANAHORIA,CHANTENAY,MENDOZA,BO,18,1A,MEDIANO,,13000,12000,11000,722.22,666.67,611.11
2026-09-04,hortalizas,ZANAHORIA,CHANTENAY,MENDOZA,CA,20,1A,MEDIANO,,21000,19000,18000,1050,950,900
2026-09-04,hortalizas,ZANAHORIA,CHANTENAY,SANTA FE,BO,10,1A,MEDIANO,,6500,5500,5000,650,550,500
2026-09-04,hortalizas,ZANAHORIA,CHANTENAY,SGO.EST.,BO,18,1A,MEDIANO,,12000,11000,10000,666.67,611.11,555.56
2026-09-04,hortalizas,ZANAHORIA,Prom.Esp.,,,0,,,,0,10780,0,0,683.56,0
2026-09-04,hortalizas,ZAPALLITO,LARGO,SALTA,TO,18,1A,MEDIANO,,28000,26000,23000,1555.56,1444.44,1277.78
2026-09-04,hortalizas,ZAPALLITO,LARGO,SALTA,TO,18,1A,MEDIANO,INV,36000,33000,30000,2000,1833.33,1666.67
2026-09-04,hortalizas,ZAPALLITO,REDONDO,CTES.,TO,18,1A,MEDIANO,INV,36000,34000,30000,2000,1888.89,1666.67
2026-09-04,hortalizas,ZAPALLITO,REDONDO,SALTA,PE,18,1A,MEDIANO,INV,40000,36000,33000,2222.22,2000,1833.33
2026-09-04,hortalizas,ZAPALLITO,REDONDO,SALTA,TO,18,1A,MEDIANO,,33000,28000,26000,1833.33,1555.56,1444.44
2026-09-04,hortalizas,ZAPALLITO,REDONDO,SALTA,TO,18,2A,MEDIANO,,25000,21000,18000,1388.89,1166.67,1000
2026-09-04,hortalizas,ZAPALLITO,Prom.Esp.,,,0,,,,0,29667,0,0,1648.15,0
2026-09-04,hortalizas,ZAPALLO,ANC.COKENA,MENDOZA,BO,15,1A,MEDIANO,,25000,23000,21000,1666.67,1533.33,1400
2026-09-04,hortalizas,ZAPALLO,ANC.COKENA,S.BS.AS.,BO,15,1A,MEDIANO,,23000,22000,20000,1533.33,1466.67,1333.33
2026-09-04,hortalizas,ZAPALLO,ANC.COKENA,SALTA,PE,17,1A,MEDIANO,,30000,28500,27000,1764.71,1676.47,1588.24
2026-09-04,hortalizas,ZAPALLO,ANGOLA,R. NEGRO,GR,0,1A,,,0,0,0,1000,900,800
2026-09-04,hortalizas,ZAPALLO,TETSUKAB.,MENDOZA,BO,18,1A,MEDIANO,,14000,13000,11000,777.78,722.22,611.11
2026-09-04,hortalizas,ZAPALLO,TETSUKAB.,R. NEGRO,BO,18,1A,MEDIANO,,16000,14000,12000,888.89,777.78,666.67
2026-09-04,hortalizas,ZAPALLO,TETSUKAB.,S.BS.AS.,BO,18,1A,MEDIANO,,15000,12000,11000,833.33,666.67,611.11
2026-09-04,hortalizas,ZAPALLO,TETSUKAB.,SALTA,BO,18,1A,MEDIANO,,18000,17000,15000,1000,944.44,833.33
2026-09-04,hortalizas,ZAPALLO,Prom.Esp.,,,0,,,,0,16188,0,0,1085.95,0
